alert_id,customer_id,alert_type,severity,resolved
1,1,Ransomware,High,No
2,1,Malware,Low,Yes
3,1,Malware,High,No
4,1,Malware,Medium,Yes
5,1,Unauthorized Access,High,Yes
6,2,Unauthorized Access,High,No
7,2,Unauthorized Access,High,Yes
8,2,Ransomware,Medium,No
9,3,Policy Violation,Low,No
10,3,Unauthorized Access,Low,No
11,4,Malware,Medium,No
12,4,Malware,High,Yes
13,4,Unauthorized Access,Low,No
14,4,Malware,High,Yes
15,5,Malware,Medium,Yes
16,6,Ransomware,High,No
17,8,Malware,Medium,No
18,8,Malware,Medium,Yes
19,8,Unauthorized Access,Medium,No
20,9,Ransomware,Medium,Yes
21,9,Malware,Medium,No
22,9,Malware,High,Yes
23,10,Ransomware,Medium,No
24,11,Unauthorized Access,Medium,No
25,11,Policy Violation,Low,Yes
26,11,Unauthorized Access,High,No
27,13,Unauthorized Access,High,No
28,13,Malware,Medium,No
29,13,Unauthorized Access,Medium,Yes
30,14,Malware,Medium,No
31,14,Policy Violation,High,No
32,15,Ransomware,Low,No
33,15,Unauthorized Access,High,Yes
34,16,Unauthorized Access,Medium,Yes
35,16,Policy Violation,Low,Yes
36,16,Malware,Medium,No
37,16,Ransomware,Medium,No
38,16,Policy Violation,High,Yes
39,17,Malware,High,No
40,17,Malware,High,No
41,17,Policy Violation,Low,No
42,17,Ransomware,High,No
43,18,Malware,Low,No
44,18,Ransomware,Low,No
45,18,Malware,Low,No
46,19,Malware,Low,Yes
47,20,Unauthorized Access,Medium,No
48,21,Policy Violation,Low,Yes
49,21,Malware,Medium,Yes
50,21,Ransomware,High,No
51,21,Malware,Medium,Yes
52,22,Policy Violation,Low,No
53,23,Ransomware,Medium,No
54,23,Unauthorized Access,High,No
55,23,Malware,High,Yes
56,23,Unauthorized Access,Medium,Yes
57,24,Ransomware,Medium,No
58,24,Malware,Medium,Yes
59,24,Ransomware,High,No
60,24,Policy Violation,Low,Yes
61,25,Unauthorized Access,High,No
62,25,Unauthorized Access,Low,No
63,25,Policy Violation,High,Yes
64,25,Unauthorized Access,Medium,No
65,25,Ransomware,High,No
66,26,Unauthorized Access,High,Yes
67,26,Policy Violation,Low,Yes
68,26,Unauthorized Access,Medium,Yes
69,29,Policy Violation,High,No
70,29,Unauthorized Access,Medium,No
71,29,Ransomware,Medium,No
72,29,Malware,High,Yes
73,29,Policy Violation,High,Yes
74,31,Unauthorized Access,Low,Yes
75,31,Unauthorized Access,Medium,No
76,32,Ransomware,Medium,No
77,33,Unauthorized Access,High,No
78,33,Malware,Low,No
79,34,Policy Violation,Low,No
80,34,Unauthorized Access,Medium,No
81,34,Ransomware,Medium,Yes
82,34,Policy Violation,Medium,Yes
83,35,Malware,High,Yes
84,35,Malware,Low,Yes
85,35,Policy Violation,Medium,No
86,35,Ransomware,Medium,No
87,35,Policy Violation,Medium,Yes
88,36,Malware,Low,No
89,36,Unauthorized Access,Low,No
90,36,Malware,Medium,Yes
91,36,Unauthorized Access,Low,Yes
92,36,Policy Violation,Low,Yes
93,37,Unauthorized Access,Low,Yes
94,37,Malware,Low,Yes
95,37,Unauthorized Access,Medium,No
96,37,Policy Violation,Medium,Yes
97,38,Policy Violation,Medium,Yes
98,39,Malware,Medium,No
99,39,Ransomware,High,No
100,40,Ransomware,Low,Yes
101,40,Unauthorized Access,High,Yes
102,40,Ransomware,High,No
103,41,Policy Violation,High,No
104,41,Malware,Medium,No
105,41,Unauthorized Access,Low,No
106,41,Policy Violation,Medium,Yes
107,41,Unauthorized Access,High,Yes
108,42,Policy Violation,Low,No
109,43,Policy Violation,Medium,No
110,43,Policy Violation,Low,Yes
111,43,Malware,Low,No
112,43,Ransomware,Medium,No
113,43,Ransomware,High,Yes
114,44,Policy Violation,High,Yes
115,45,Ransomware,High,No
116,45,Policy Violation,Low,No
117,45,Unauthorized Access,Low,Yes
118,45,Ransomware,Medium,No
119,45,Policy Violation,Low,Yes
120,47,Ransomware,High,Yes
121,47,Unauthorized Access,High,No
122,48,Policy Violation,Low,Yes
123,48,Malware,High,Yes
124,48,Malware,High,Yes
125,48,Policy Violation,High,No
126,48,Ransomware,Low,No
127,49,Ransomware,Low,Yes
128,49,Unauthorized Access,High,Yes
129,49,Ransomware,Medium,Yes
130,49,Ransomware,High,Yes
131,49,Policy Violation,Low,Yes
132,50,Unauthorized Access,Low,Yes
133,50,Malware,High,Yes
134,51,Policy Violation,Low,Yes
135,51,Ransomware,Medium,No
136,52,Unauthorized Access,Medium,Yes
137,52,Ransomware,Low,No
138,52,Malware,High,No
139,53,Policy Violation,Low,Yes
140,53,Malware,Medium,No
141,54,Ransomware,High,No
142,54,Unauthorized Access,Medium,Yes
143,54,Policy Violation,Medium,No
144,54,Ransomware,Medium,No
145,54,Ransomware,High,No
146,55,Unauthorized Access,Low,No
147,55,Policy Violation,Low,No
148,55,Unauthorized Access,Low,Yes
149,55,Unauthorized Access,High,No
150,55,Policy Violation,Medium,Yes
151,56,Malware,Medium,No
152,56,Ransomware,High,No
153,56,Unauthorized Access,Low,No
154,56,Malware,Low,Yes
155,57,Policy Violation,Medium,No
156,57,Policy Violation,High,No
157,57,Ransomware,Low,Yes
158,57,Malware,Medium,No
159,57,Policy Violation,High,No
160,58,Malware,High,No
161,60,Ransomware,Low,No
162,60,Ransomware,High,No
163,60,Policy Violation,Medium,No
164,61,Unauthorized Access,Low,No
165,61,Policy Violation,Low,Yes
166,61,Malware,Medium,Yes
167,61,Ransomware,Low,Yes
168,61,Malware,High,Yes
169,62,Ransomware,Low,No
170,62,Malware,High,Yes
171,62,Policy Violation,Low,No
172,63,Ransomware,Low,No
173,63,Malware,Low,No
174,63,Policy Violation,Medium,Yes
175,63,Unauthorized Access,Low,No
176,63,Ransomware,Medium,No
177,64,Policy Violation,Medium,Yes
178,64,Unauthorized Access,Low,Yes
179,64,Policy Violation,Low,No
180,65,Malware,Low,No
181,65,Unauthorized Access,Low,No
182,65,Ransomware,High,Yes
183,65,Unauthorized Access,Medium,No
184,66,Policy Violation,Medium,No
185,66,Unauthorized Access,Medium,Yes
186,66,Policy Violation,High,Yes
187,66,Malware,High,Yes
188,67,Malware,Medium,No
189,67,Unauthorized Access,High,Yes
190,67,Ransomware,Low,No
191,67,Policy Violation,Low,No
192,67,Policy Violation,Low,No
193,68,Policy Violation,Low,No
194,68,Malware,Low,Yes
195,68,Malware,Medium,Yes
196,69,Ransomware,Low,Yes
197,69,Policy Violation,Low,Yes
198,70,Ransomware,High,Yes
199,71,Policy Violation,High,Yes
200,71,Ransomware,Low,No
201,71,Policy Violation,Low,Yes
202,71,Policy Violation,Medium,Yes
203,72,Policy Violation,Medium,No
204,72,Malware,Low,No
205,72,Malware,Low,No
206,72,Policy Violation,Medium,Yes
207,73,Unauthorized Access,Medium,No
208,74,Ransomware,Medium,Yes
209,74,Unauthorized Access,High,No
210,74,Malware,Low,No
211,74,Unauthorized Access,Low,Yes
212,75,Policy Violation,Low,Yes
213,76,Policy Violation,Medium,Yes
214,76,Malware,Low,Yes
215,77,Unauthorized Access,Medium,Yes
216,77,Unauthorized Access,Low,Yes
217,77,Malware,High,Yes
218,77,Unauthorized Access,Medium,Yes
219,77,Malware,Low,No
220,78,Malware,Medium,No
221,78,Policy Violation,Medium,Yes
222,79,Malware,Low,Yes
223,79,Unauthorized Access,Medium,No
224,79,Malware,High,Yes
225,79,Policy Violation,Medium,No
226,80,Malware,Medium,Yes
227,80,Unauthorized Access,Medium,Yes
228,80,Ransomware,High,Yes
229,80,Malware,High,No
230,81,Malware,High,No
231,81,Policy Violation,High,No
232,81,Unauthorized Access,Low,No
233,83,Ransomware,High,Yes
234,83,Malware,Low,No
235,83,Ransomware,High,No
236,83,Ransomware,Medium,No
237,83,Ransomware,High,Yes
238,84,Ransomware,Low,No
239,84,Policy Violation,Low,Yes
240,84,Malware,Low,No
241,85,Ransomware,Medium,No
242,86,Unauthorized Access,High,No
243,86,Malware,Medium,No
244,87,Policy Violation,Low,No
245,88,Policy Violation,Medium,Yes
246,88,Policy Violation,High,Yes
247,89,Ransomware,Low,No
248,89,Unauthorized Access,High,Yes
249,89,Unauthorized Access,Medium,Yes
250,89,Malware,High,No
251,89,Policy Violation,High,No
252,91,Policy Violation,Low,Yes
253,91,Ransomware,Medium,No
254,91,Malware,High,No
255,92,Ransomware,Low,No
256,92,Ransomware,Low,No
257,93,Malware,High,Yes
258,93,Ransomware,High,Yes
259,94,Policy Violation,High,Yes
260,94,Malware,Medium,No
261,94,Policy Violation,High,Yes
262,95,Ransomware,Low,No
263,95,Ransomware,Low,No
264,95,Unauthorized Access,High,Yes
265,95,Ransomware,High,No
266,95,Unauthorized Access,High,Yes
267,96,Unauthorized Access,Low,No
268,96,Ransomware,Low,No
269,96,Policy Violation,Low,Yes
270,97,Ransomware,Medium,Yes
271,97,Ransomware,High,Yes
272,97,Policy Violation,Medium,Yes
273,97,Policy Violation,High,Yes
274,99,Policy Violation,Low,Yes
275,99,Malware,Low,No
276,100,Ransomware,Low,Yes
277,100,Malware,High,No
278,100,Ransomware,Medium,Yes
279,101,Ransomware,Low,No
280,102,Malware,Low,Yes
281,102,Policy Violation,High,Yes
282,104,Malware,Low,No
283,104,Unauthorized Access,Low,Yes
284,104,Malware,Medium,No
285,104,Unauthorized Access,High,Yes
286,104,Malware,High,Yes
287,105,Unauthorized Access,Low,Yes
288,105,Unauthorized Access,High,No
289,105,Unauthorized Access,Low,Yes
290,105,Malware,High,Yes
291,105,Unauthorized Access,High,Yes
292,106,Policy Violation,High,Yes
293,107,Unauthorized Access,Low,No
294,108,Ransomware,Medium,No
295,108,Malware,Medium,No
296,108,Unauthorized Access,Low,Yes
297,111,Policy Violation,High,Yes
298,111,Policy Violation,Medium,No
299,111,Policy Violation,High,No
300,111,Malware,Low,Yes
301,111,Malware,High,Yes
302,112,Unauthorized Access,Medium,No
303,112,Malware,Low,No
304,112,Ransomware,Low,Yes
305,112,Ransomware,Low,Yes
306,112,Policy Violation,Low,Yes
307,113,Unauthorized Access,Medium,No
308,113,Ransomware,Medium,Yes
309,113,Malware,Low,Yes
310,114,Malware,Low,Yes
311,115,Unauthorized Access,High,No
312,115,Malware,Medium,No
313,115,Unauthorized Access,Medium,Yes
314,116,Unauthorized Access,Low,Yes
315,116,Malware,High,Yes
316,117,Ransomware,Low,No
317,117,Unauthorized Access,Low,Yes
318,117,Policy Violation,High,Yes
319,118,Unauthorized Access,High,No
320,118,Ransomware,Low,Yes
321,118,Malware,High,Yes
322,120,Policy Violation,Medium,Yes
323,120,Ransomware,Low,Yes
324,120,Unauthorized Access,High,No
325,120,Ransomware,High,No
326,121,Policy Violation,Medium,No
327,121,Policy Violation,Medium,No
328,122,Ransomware,Medium,Yes
329,122,Unauthorized Access,Low,Yes
330,122,Unauthorized Access,High,Yes
331,122,Malware,Medium,Yes
332,123,Unauthorized Access,Low,Yes
333,123,Malware,High,Yes
334,123,Unauthorized Access,Low,Yes
335,123,Unauthorized Access,Low,Yes
336,123,Ransomware,High,Yes
337,124,Unauthorized Access,High,No
338,124,Policy Violation,Low,Yes
339,126,Unauthorized Access,High,Yes
340,127,Malware,High,No
341,127,Unauthorized Access,Low,Yes
342,127,Ransomware,Medium,No
343,127,Unauthorized Access,Low,Yes
344,128,Unauthorized Access,Medium,No
345,128,Policy Violation,High,Yes
346,128,Ransomware,High,No
347,128,Ransomware,Medium,Yes
348,128,Unauthorized Access,High,Yes
349,129,Unauthorized Access,High,No
350,129,Malware,Medium,Yes
351,130,Unauthorized Access,Low,No
352,130,Unauthorized Access,Medium,No
353,130,Unauthorized Access,Medium,No
354,131,Ransomware,Low,No
355,132,Unauthorized Access,High,Yes
356,132,Malware,Low,No
357,132,Unauthorized Access,High,No
358,133,Policy Violation,Medium,Yes
359,133,Unauthorized Access,High,Yes
360,133,Malware,Low,Yes
361,134,Policy Violation,Medium,No
362,135,Malware,Low,No
363,135,Unauthorized Access,Low,No
364,135,Ransomware,Low,Yes
365,135,Policy Violation,High,No
366,136,Malware,Low,Yes
367,137,Policy Violation,Low,No
368,137,Unauthorized Access,High,No
369,137,Ransomware,High,No
370,137,Policy Violation,High,Yes
371,137,Ransomware,Low,No
372,138,Ransomware,Low,Yes
373,140,Ransomware,Medium,No
374,140,Malware,High,Yes
375,141,Malware,High,No
376,141,Malware,High,No
377,143,Unauthorized Access,Low,No
378,145,Malware,High,Yes
379,146,Malware,Low,Yes
380,146,Malware,High,No
381,146,Ransomware,Low,Yes
382,146,Policy Violation,High,Yes
383,146,Policy Violation,High,Yes
384,147,Malware,High,No
385,148,Policy Violation,Low,Yes
386,149,Malware,Medium,Yes
387,149,Policy Violation,Medium,No
388,150,Ransomware,Medium,No
389,150,Policy Violation,Low,Yes
390,150,Malware,High,No
391,152,Unauthorized Access,Medium,No
392,152,Malware,Medium,Yes
393,152,Policy Violation,Low,No
394,153,Malware,Medium,No
395,153,Ransomware,Medium,Yes
396,153,Malware,Low,No
397,153,Ransomware,Medium,No
398,154,Policy Violation,High,Yes
399,154,Policy Violation,High,No
400,155,Ransomware,High,Yes
401,155,Unauthorized Access,Medium,Yes
402,156,Policy Violation,High,Yes
403,158,Policy Violation,Low,Yes
404,158,Ransomware,Medium,No
405,158,Ransomware,Low,Yes
406,158,Unauthorized Access,Medium,No
407,158,Ransomware,Low,Yes
408,159,Malware,High,No
409,159,Policy Violation,High,No
410,160,Ransomware,High,Yes
411,160,Unauthorized Access,Medium,Yes
412,161,Policy Violation,Low,No
413,162,Ransomware,Low,Yes
414,162,Ransomware,Medium,Yes
415,162,Malware,Low,Yes
416,162,Policy Violation,Medium,No
417,163,Unauthorized Access,Low,No
418,163,Policy Violation,Medium,No
419,163,Policy Violation,Medium,No
420,163,Malware,High,No
421,164,Policy Violation,High,No
422,165,Malware,Medium,No
423,165,Ransomware,Low,No
424,165,Unauthorized Access,Medium,Yes
425,165,Policy Violation,Low,No
426,165,Unauthorized Access,Low,No
427,166,Policy Violation,Medium,No
428,166,Unauthorized Access,High,No
429,166,Policy Violation,High,Yes
430,166,Unauthorized Access,Medium,Yes
431,166,Unauthorized Access,Medium,Yes
432,167,Unauthorized Access,Medium,No
433,167,Ransomware,Medium,No
434,168,Ransomware,High,Yes
435,169,Unauthorized Access,High,Yes
436,169,Policy Violation,Medium,No
437,169,Policy Violation,Low,No
438,169,Ransomware,High,Yes
439,169,Unauthorized Access,Medium,No
440,170,Ransomware,High,Yes
441,170,Unauthorized Access,High,Yes
442,170,Malware,High,Yes
443,170,Malware,Low,Yes
444,171,Unauthorized Access,Medium,No
445,171,Malware,High,Yes
446,172,Unauthorized Access,Medium,Yes
447,172,Unauthorized Access,Medium,Yes
448,174,Policy Violation,High,Yes
449,174,Ransomware,Medium,Yes
450,174,Ransomware,Low,No
451,174,Ransomware,Medium,No
452,175,Unauthorized Access,High,Yes
453,175,Malware,High,No
454,175,Unauthorized Access,High,Yes
455,175,Malware,Low,No
456,177,Ransomware,Medium,No
457,177,Ransomware,Medium,No
458,177,Policy Violation,Medium,Yes
459,178,Policy Violation,High,Yes
460,179,Ransomware,Low,Yes
461,179,Malware,Low,Yes
462,179,Unauthorized Access,Medium,Yes
463,180,Policy Violation,High,Yes
464,180,Ransomware,High,Yes
465,180,Policy Violation,Low,Yes
466,181,Unauthorized Access,Medium,No
467,181,Policy Violation,Low,Yes
468,183,Policy Violation,Low,No
469,184,Ransomware,High,No
470,186,Policy Violation,Low,No
471,187,Ransomware,Medium,Yes
472,190,Policy Violation,Low,No
473,190,Policy Violation,High,Yes
474,190,Malware,High,No
475,190,Ransomware,Medium,No
476,191,Policy Violation,High,No
477,192,Policy Violation,High,No
478,192,Ransomware,Medium,No
479,193,Policy Violation,Low,No
480,193,Unauthorized Access,High,No
481,193,Unauthorized Access,Medium,No
482,194,Unauthorized Access,High,Yes
483,194,Policy Violation,Low,Yes
484,195,Unauthorized Access,High,No
485,195,Unauthorized Access,Medium,No
486,195,Unauthorized Access,Low,Yes
487,195,Unauthorized Access,Low,Yes
488,195,Unauthorized Access,High,No
489,196,Ransomware,Medium,No
490,196,Malware,Medium,No
491,196,Unauthorized Access,High,Yes
492,196,Malware,High,No
493,196,Ransomware,Low,Yes
494,198,Unauthorized Access,Low,No
495,198,Ransomware,Medium,Yes
496,198,Malware,High,Yes
497,198,Unauthorized Access,High,No
498,198,Policy Violation,Medium,Yes
499,199,Malware,Medium,Yes
500,199,Unauthorized Access,Low,No
501,199,Policy Violation,Medium,No
502,200,Ransomware,Medium,Yes
503,200,Policy Violation,High,Yes
504,200,Policy Violation,Low,Yes
505,200,Malware,Medium,Yes
506,200,Policy Violation,Low,No
507,201,Malware,Low,No
508,201,Ransomware,Medium,No
509,201,Malware,Medium,No
510,203,Unauthorized Access,Medium,Yes
511,204,Unauthorized Access,High,No
512,204,Malware,Low,No
513,204,Unauthorized Access,Medium,Yes
514,204,Unauthorized Access,High,Yes
515,204,Policy Violation,Low,No
516,205,Ransomware,Medium,Yes
517,205,Ransomware,Low,Yes
518,205,Policy Violation,Low,Yes
519,207,Malware,Low,No
520,207,Policy Violation,Low,No
521,209,Malware,High,No
522,209,Policy Violation,Low,No
523,209,Ransomware,Medium,Yes
524,209,Unauthorized Access,High,Yes
525,209,Ransomware,Low,Yes
526,212,Ransomware,Low,No
527,212,Unauthorized Access,Low,No
528,212,Malware,Low,No
529,212,Policy Violation,High,Yes
530,213,Unauthorized Access,High,No
531,213,Malware,Medium,Yes
532,213,Policy Violation,High,Yes
533,213,Ransomware,High,No
534,215,Unauthorized Access,High,Yes
535,216,Unauthorized Access,High,Yes
536,217,Unauthorized Access,Medium,Yes
537,218,Malware,Medium,No
538,218,Unauthorized Access,Medium,Yes
539,218,Malware,High,Yes
540,219,Malware,Low,Yes
541,219,Policy Violation,Low,Yes
542,219,Policy Violation,High,No
543,219,Malware,Medium,No
544,219,Policy Violation,Medium,No
545,220,Policy Violation,Low,Yes
546,220,Ransomware,High,No
547,220,Unauthorized Access,High,No
548,220,Unauthorized Access,Low,Yes
549,221,Policy Violation,Low,Yes
550,221,Malware,Medium,No
551,221,Malware,Medium,No
552,222,Unauthorized Access,Medium,No
553,222,Ransomware,Medium,Yes
554,222,Policy Violation,Medium,Yes
555,222,Ransomware,Low,Yes
556,223,Malware,High,Yes
557,223,Malware,Low,Yes
558,223,Ransomware,Medium,Yes
559,223,Ransomware,Medium,Yes
560,223,Ransomware,Medium,Yes
561,224,Unauthorized Access,Medium,No
562,224,Malware,Low,No
563,225,Policy Violation,Low,No
564,225,Ransomware,High,No
565,226,Malware,Low,No
566,226,Policy Violation,Low,Yes
567,226,Unauthorized Access,Low,No
568,226,Policy Violation,High,Yes
569,227,Policy Violation,High,No
570,227,Unauthorized Access,High,No
571,227,Unauthorized Access,Medium,No
572,227,Unauthorized Access,High,No
573,227,Ransomware,Medium,Yes
574,228,Ransomware,Medium,Yes
575,228,Ransomware,High,Yes
576,229,Malware,High,Yes
577,229,Malware,Low,Yes
578,229,Malware,Medium,No
579,229,Policy Violation,High,No
580,230,Malware,High,Yes
581,231,Malware,High,Yes
582,231,Unauthorized Access,Low,No
583,232,Malware,Low,Yes
584,232,Unauthorized Access,Low,Yes
585,232,Policy Violation,Low,No
586,232,Malware,Low,Yes
587,233,Ransomware,Low,No
588,233,Unauthorized Access,Medium,Yes
589,233,Ransomware,Low,Yes
590,233,Malware,Medium,Yes
591,233,Malware,Medium,Yes
592,234,Unauthorized Access,Low,No
593,234,Unauthorized Access,Low,Yes
594,235,Malware,High,No
595,235,Malware,Medium,Yes
596,236,Unauthorized Access,High,No
597,236,Malware,Low,No
598,236,Ransomware,High,No
599,236,Malware,Low,Yes
600,237,Policy Violation,Low,No
601,237,Ransomware,Medium,Yes
602,237,Malware,Low,No
603,237,Malware,Medium,Yes
604,237,Policy Violation,Low,Yes
605,238,Ransomware,Low,No
606,238,Policy Violation,High,Yes
607,238,Policy Violation,Low,No
608,239,Ransomware,Low,No
609,240,Unauthorized Access,Medium,No
610,240,Unauthorized Access,Medium,No
611,240,Ransomware,Low,No
612,240,Malware,High,No
613,240,Ransomware,Medium,Yes
614,241,Ransomware,High,No
615,241,Malware,Low,Yes
616,241,Ransomware,Low,No
617,241,Malware,High,No
618,242,Unauthorized Access,Medium,No
619,242,Unauthorized Access,Low,Yes
620,242,Ransomware,Low,Yes
621,242,Ransomware,Low,No
622,243,Malware,Medium,Yes
623,244,Unauthorized Access,Low,No
624,244,Ransomware,Low,No
625,245,Policy Violation,High,No
626,245,Ransomware,High,No
627,247,Unauthorized Access,Low,No
628,247,Ransomware,High,No
629,247,Malware,High,No
630,247,Ransomware,Low,Yes
631,248,Ransomware,High,No
632,248,Policy Violation,Medium,No
633,248,Ransomware,High,Yes
634,248,Unauthorized Access,Low,Yes
635,248,Policy Violation,Low,No
636,249,Malware,Low,Yes
637,250,Ransomware,Medium,No
638,250,Policy Violation,High,No
639,250,Ransomware,Medium,No
640,250,Ransomware,Low,No
641,251,Unauthorized Access,Medium,Yes
642,253,Policy Violation,Medium,Yes
643,253,Policy Violation,High,No
644,253,Ransomware,High,Yes
645,254,Unauthorized Access,Medium,Yes
646,255,Malware,High,No
647,255,Policy Violation,Low,No
648,255,Ransomware,Medium,No
649,255,Ransomware,High,No
650,255,Policy Violation,High,No
651,256,Unauthorized Access,Medium,Yes
652,256,Unauthorized Access,Low,Yes
653,257,Malware,High,Yes
654,258,Ransomware,High,No
655,261,Unauthorized Access,High,No
656,261,Malware,Medium,No
657,261,Ransomware,Medium,No
658,263,Policy Violation,Low,Yes
659,264,Ransomware,High,No
660,264,Policy Violation,High,No
661,265,Ransomware,Medium,Yes
662,266,Policy Violation,High,No
663,267,Unauthorized Access,High,Yes
664,268,Ransomware,High,No
665,268,Malware,Medium,No
666,268,Malware,High,Yes
667,268,Policy Violation,Low,Yes
668,269,Malware,Low,No
669,269,Malware,High,No
670,269,Ransomware,Medium,Yes
671,269,Malware,Low,Yes
672,270,Unauthorized Access,Low,Yes
673,272,Unauthorized Access,Low,Yes
674,272,Malware,Low,No
675,272,Malware,Low,Yes
676,273,Malware,High,No
677,274,Malware,Medium,No
678,274,Unauthorized Access,Low,Yes
679,274,Policy Violation,Medium,Yes
680,274,Ransomware,Low,Yes
681,277,Policy Violation,Low,Yes
682,277,Malware,Low,Yes
683,277,Malware,Medium,Yes
684,277,Unauthorized Access,Low,No
685,278,Malware,Low,No
686,279,Policy Violation,Medium,Yes
687,279,Policy Violation,Low,Yes
688,280,Malware,Medium,Yes
689,280,Ransomware,Medium,No
690,281,Unauthorized Access,Medium,No
691,281,Unauthorized Access,Low,No
692,282,Ransomware,High,No
693,282,Policy Violation,Medium,No
694,282,Ransomware,High,Yes
695,282,Malware,Medium,No
696,283,Ransomware,Medium,No
697,283,Malware,High,No
698,283,Unauthorized Access,High,Yes
699,283,Malware,Low,No
700,284,Policy Violation,Low,Yes
701,284,Policy Violation,Low,Yes
702,284,Policy Violation,Medium,Yes
703,286,Ransomware,High,Yes
704,286,Unauthorized Access,Low,Yes
705,286,Ransomware,Medium,No
706,287,Policy Violation,Medium,No
707,287,Unauthorized Access,Low,No
708,287,Unauthorized Access,Medium,Yes
709,288,Malware,High,No
710,288,Malware,Medium,Yes
711,288,Policy Violation,Medium,No
712,288,Malware,Medium,Yes
713,288,Malware,Medium,Yes
714,289,Policy Violation,Medium,No
715,289,Ransomware,Medium,Yes
716,289,Malware,High,Yes
717,289,Policy Violation,High,No
718,290,Unauthorized Access,Low,Yes
719,292,Policy Violation,High,Yes
720,293,Ransomware,Low,Yes
721,293,Malware,Medium,Yes
722,293,Unauthorized Access,Low,Yes
723,294,Ransomware,Medium,Yes
724,295,Ransomware,Medium,Yes
725,295,Policy Violation,High,Yes
726,295,Malware,Low,No
727,295,Unauthorized Access,Low,No
728,295,Ransomware,High,No
729,296,Policy Violation,Low,Yes
730,296,Unauthorized Access,High,No
731,296,Ransomware,High,No
732,297,Ransomware,High,Yes
733,297,Unauthorized Access,Low,Yes
734,297,Unauthorized Access,High,Yes
735,297,Policy Violation,High,Yes
736,298,Policy Violation,Low,Yes
737,298,Policy Violation,Low,Yes
738,300,Policy Violation,Medium,No
739,300,Unauthorized Access,Low,No
740,301,Unauthorized Access,Medium,Yes
741,301,Ransomware,Low,No
742,303,Ransomware,Low,Yes
743,303,Unauthorized Access,High,No
744,303,Malware,Low,No
745,303,Unauthorized Access,High,No
746,305,Malware,Medium,No
747,305,Malware,Medium,Yes
748,305,Malware,High,No
749,305,Unauthorized Access,Low,Yes
750,305,Ransomware,High,Yes
751,306,Ransomware,High,Yes
752,307,Ransomware,Medium,No
753,307,Ransomware,Low,Yes
754,307,Policy Violation,Medium,Yes
755,307,Policy Violation,High,No
756,308,Policy Violation,High,No
757,308,Policy Violation,Medium,No
758,308,Ransomware,Low,Yes
759,309,Policy Violation,Medium,No
760,309,Malware,Medium,Yes
761,309,Malware,Medium,No
762,309,Policy Violation,Medium,Yes
763,309,Policy Violation,Medium,Yes
764,310,Ransomware,Low,Yes
765,310,Ransomware,High,Yes
766,312,Malware,Medium,No
767,313,Malware,Medium,No
768,313,Unauthorized Access,Medium,Yes
769,313,Policy Violation,Medium,Yes
770,313,Policy Violation,Low,No
771,313,Ransomware,Low,Yes
772,315,Policy Violation,High,No
773,315,Unauthorized Access,Medium,No
774,317,Malware,Medium,No
775,317,Malware,Medium,No
776,317,Unauthorized Access,Low,Yes
777,317,Ransomware,Low,Yes
778,317,Policy Violation,Medium,Yes
779,318,Malware,Medium,Yes
780,319,Unauthorized Access,Medium,Yes
781,319,Unauthorized Access,Medium,Yes
782,319,Ransomware,High,No
783,319,Ransomware,Low,Yes
784,320,Ransomware,High,Yes
785,320,Unauthorized Access,Low,No
786,320,Policy Violation,Low,No
787,320,Malware,Low,No
788,320,Ransomware,Low,No
789,321,Malware,Low,Yes
790,321,Unauthorized Access,Low,No
791,321,Unauthorized Access,Low,Yes
792,321,Unauthorized Access,High,No
793,321,Malware,Medium,Yes
794,322,Malware,Low,No
795,324,Ransomware,Medium,No
796,324,Malware,Low,No
797,324,Unauthorized Access,High,No
798,324,Malware,High,Yes
799,324,Policy Violation,Low,Yes
800,325,Malware,Low,No
801,325,Policy Violation,Medium,Yes
802,325,Malware,High,No
803,326,Malware,Low,Yes
804,326,Policy Violation,Low,No
805,326,Malware,High,No
806,326,Unauthorized Access,Medium,No
807,327,Ransomware,High,Yes
808,328,Ransomware,Medium,Yes
809,330,Ransomware,Low,Yes
810,332,Ransomware,Medium,Yes
811,332,Malware,High,No
812,332,Policy Violation,Low,No
813,333,Ransomware,Medium,Yes
814,333,Ransomware,High,No
815,334,Ransomware,Low,Yes
816,334,Policy Violation,Low,No
817,334,Ransomware,High,Yes
818,334,Policy Violation,High,Yes
819,334,Ransomware,Medium,Yes
820,335,Malware,High,Yes
821,335,Ransomware,Medium,No
822,335,Ransomware,High,No
823,335,Policy Violation,Medium,No
824,336,Malware,Low,No
825,336,Policy Violation,Low,No
826,336,Malware,High,No
827,336,Malware,High,No
828,336,Malware,High,Yes
829,337,Malware,Low,No
830,337,Policy Violation,Medium,No
831,338,Policy Violation,High,No
832,339,Ransomware,Low,No
833,339,Malware,Low,No
834,340,Policy Violation,Medium,Yes
835,340,Ransomware,Medium,No
836,340,Unauthorized Access,Medium,No
837,342,Policy Violation,High,Yes
838,342,Unauthorized Access,Low,Yes
839,342,Unauthorized Access,Medium,Yes
840,342,Policy Violation,High,No
841,342,Ransomware,Medium,Yes
842,343,Malware,High,No
843,343,Policy Violation,High,No
844,344,Ransomware,Low,No
845,344,Malware,High,No
846,344,Unauthorized Access,Medium,Yes
847,345,Unauthorized Access,Medium,Yes
848,345,Unauthorized Access,Medium,Yes
849,346,Policy Violation,Low,Yes
850,346,Malware,Low,No
851,346,Ransomware,Low,No
852,346,Unauthorized Access,Medium,Yes
853,347,Policy Violation,Low,Yes
854,347,Ransomware,Low,No
855,349,Malware,High,No
856,349,Malware,Low,No
857,349,Ransomware,Medium,No
858,349,Policy Violation,Low,Yes
859,349,Ransomware,High,No
860,350,Policy Violation,Medium,No
861,351,Unauthorized Access,Low,Yes
862,351,Ransomware,Low,No
863,351,Ransomware,Low,Yes
864,351,Policy Violation,High,No
865,351,Unauthorized Access,High,No
866,352,Ransomware,Low,Yes
867,352,Unauthorized Access,High,No
868,353,Unauthorized Access,Medium,No
869,354,Malware,High,No
870,354,Unauthorized Access,High,Yes
871,354,Malware,Medium,Yes
872,354,Policy Violation,Medium,Yes
873,354,Policy Violation,High,Yes
874,355,Malware,Medium,No
875,355,Ransomware,Low,No
876,356,Ransomware,High,No
877,356,Policy Violation,High,No
878,356,Ransomware,High,Yes
879,356,Malware,Low,No
880,356,Unauthorized Access,Medium,No
881,357,Malware,High,Yes
882,357,Unauthorized Access,Low,No
883,357,Policy Violation,Low,No
884,358,Malware,Low,No
885,358,Malware,Low,No
886,358,Policy Violation,Medium,Yes
887,359,Policy Violation,Low,Yes
888,359,Unauthorized Access,Medium,No
889,359,Ransomware,Medium,Yes
890,361,Malware,Medium,No
891,361,Ransomware,High,No
892,361,Ransomware,Medium,Yes
893,361,Policy Violation,Low,No
894,361,Policy Violation,High,No
895,362,Malware,Medium,Yes
896,364,Malware,Low,Yes
897,364,Ransomware,Low,Yes
898,364,Unauthorized Access,High,No
899,365,Malware,Low,Yes
900,365,Ransomware,High,Yes
901,367,Malware,High,No
902,367,Policy Violation,Low,Yes
903,367,Unauthorized Access,High,Yes
904,367,Policy Violation,High,No
905,367,Unauthorized Access,Medium,No
906,368,Ransomware,Low,No
907,368,Policy Violation,Low,No
908,368,Ransomware,High,No
909,368,Unauthorized Access,Low,No
910,370,Ransomware,High,Yes
911,370,Policy Violation,Low,No
912,370,Malware,Low,No
913,370,Unauthorized Access,Medium,No
914,370,Policy Violation,Low,No
915,371,Ransomware,Medium,No
916,371,Malware,Low,Yes
917,371,Ransomware,High,Yes
918,371,Policy Violation,Medium,Yes
919,371,Unauthorized Access,Medium,No
920,373,Policy Violation,Medium,Yes
921,373,Unauthorized Access,High,Yes
922,374,Unauthorized Access,Medium,No
923,374,Policy Violation,Low,Yes
924,374,Policy Violation,High,No
925,375,Malware,Low,No
926,375,Policy Violation,High,No
927,375,Policy Violation,Medium,No
928,375,Unauthorized Access,Medium,No
929,375,Unauthorized Access,Low,No
930,376,Policy Violation,High,No
931,376,Malware,Medium,Yes
932,376,Ransomware,Low,Yes
933,376,Ransomware,High,No
934,377,Malware,Medium,No
935,377,Unauthorized Access,Low,No
936,377,Malware,High,No
937,378,Policy Violation,Low,No
938,378,Malware,Low,Yes
939,378,Unauthorized Access,Medium,Yes
940,378,Unauthorized Access,High,Yes
941,379,Unauthorized Access,High,No
942,379,Ransomware,Low,No
943,380,Unauthorized Access,Medium,No
944,380,Malware,Medium,No
945,381,Ransomware,Medium,Yes
946,382,Malware,Medium,Yes
947,383,Unauthorized Access,Medium,No
948,384,Ransomware,Medium,Yes
949,384,Malware,High,Yes
950,384,Ransomware,Medium,Yes
951,385,Malware,Low,Yes
952,386,Policy Violation,Medium,Yes
953,386,Malware,Low,Yes
954,387,Policy Violation,High,Yes
955,387,Policy Violation,Low,Yes
956,388,Ransomware,High,No
957,388,Malware,Medium,Yes
958,388,Ransomware,Medium,Yes
959,388,Unauthorized Access,High,No
960,388,Ransomware,Low,No
961,389,Malware,High,Yes
962,389,Malware,Low,No
963,389,Ransomware,Medium,No
964,389,Unauthorized Access,Low,Yes
965,391,Malware,Low,Yes
966,391,Unauthorized Access,Medium,No
967,391,Malware,Medium,No
968,392,Ransomware,Low,Yes
969,392,Unauthorized Access,Low,Yes
970,392,Unauthorized Access,Medium,Yes
971,392,Ransomware,Medium,Yes
972,392,Unauthorized Access,High,Yes
973,393,Malware,High,No
974,393,Unauthorized Access,Low,Yes
975,394,Policy Violation,Medium,No
976,394,Ransomware,High,Yes
977,395,Malware,Low,No
978,395,Unauthorized Access,Medium,Yes
979,395,Malware,Low,Yes
980,395,Malware,High,No
981,396,Unauthorized Access,Medium,Yes
982,396,Policy Violation,High,Yes
983,396,Malware,Low,No
984,396,Ransomware,Low,Yes
985,396,Ransomware,Medium,No
986,397,Unauthorized Access,High,No
987,398,Unauthorized Access,Medium,Yes
988,399,Unauthorized Access,Low,Yes
989,399,Ransomware,Medium,No
990,399,Ransomware,Medium,Yes
991,399,Policy Violation,High,Yes
992,400,Policy Violation,Medium,No
993,400,Ransomware,Medium,No
994,400,Unauthorized Access,High,Yes
995,400,Unauthorized Access,Medium,Yes
996,400,Ransomware,Medium,No
997,402,Unauthorized Access,High,Yes
998,403,Policy Violation,Medium,No
999,403,Policy Violation,High,Yes
1000,404,Ransomware,High,No
1001,404,Malware,High,Yes
1002,404,Unauthorized Access,Medium,Yes
1003,405,Malware,High,No
1004,406,Policy Violation,High,Yes
1005,406,Policy Violation,High,No
1006,406,Ransomware,Medium,No
1007,406,Policy Violation,High,Yes
1008,407,Unauthorized Access,Medium,Yes
1009,407,Malware,High,No
1010,407,Policy Violation,Low,Yes
1011,407,Unauthorized Access,Low,Yes
1012,408,Unauthorized Access,Low,Yes
1013,408,Malware,High,Yes
1014,410,Policy Violation,High,Yes
1015,410,Unauthorized Access,High,Yes
1016,411,Ransomware,Low,No
1017,412,Malware,High,Yes
1018,413,Malware,High,Yes
1019,414,Malware,High,Yes
1020,414,Policy Violation,High,Yes
1021,414,Ransomware,Medium,Yes
1022,414,Policy Violation,Medium,Yes
1023,414,Malware,High,Yes
1024,416,Ransomware,Low,No
1025,417,Ransomware,High,No
1026,417,Ransomware,Low,No
1027,418,Policy Violation,Low,Yes
1028,418,Ransomware,High,Yes
1029,418,Policy Violation,High,Yes
1030,418,Malware,Low,Yes
1031,418,Ransomware,Medium,Yes
1032,420,Ransomware,Low,Yes
1033,420,Policy Violation,Low,No
1034,420,Malware,Low,No
1035,420,Ransomware,Low,No
1036,421,Malware,High,Yes
1037,421,Malware,Low,No
1038,421,Policy Violation,High,No
1039,422,Ransomware,Low,Yes
1040,422,Malware,Low,Yes
1041,422,Malware,Low,Yes
1042,423,Unauthorized Access,Low,No
1043,423,Unauthorized Access,High,Yes
1044,423,Unauthorized Access,Low,Yes
1045,423,Malware,High,No
1046,424,Malware,High,No
1047,425,Policy Violation,Low,No
1048,426,Ransomware,High,Yes
1049,426,Ransomware,Medium,No
1050,426,Unauthorized Access,Medium,No
1051,427,Unauthorized Access,Low,No
1052,427,Unauthorized Access,High,No
1053,427,Ransomware,Low,No
1054,427,Malware,High,Yes
1055,427,Ransomware,High,Yes
1056,428,Malware,High,No
1057,428,Ransomware,Medium,No
1058,428,Policy Violation,High,No
1059,428,Policy Violation,Medium,Yes
1060,428,Policy Violation,Low,No
1061,429,Policy Violation,High,No
1062,429,Unauthorized Access,Low,Yes
1063,429,Unauthorized Access,Low,No
1064,429,Malware,High,No
1065,429,Policy Violation,Medium,No
1066,431,Unauthorized Access,Low,Yes
1067,431,Ransomware,High,No
1068,432,Ransomware,Low,Yes
1069,432,Malware,Low,Yes
1070,432,Ransomware,High,Yes
1071,432,Unauthorized Access,High,Yes
1072,433,Unauthorized Access,Medium,No
1073,433,Malware,Medium,No
1074,434,Unauthorized Access,Low,Yes
1075,434,Policy Violation,Medium,No
1076,434,Ransomware,High,No
1077,435,Malware,Low,No
1078,435,Policy Violation,Medium,No
1079,435,Policy Violation,Medium,Yes
1080,435,Malware,Medium,Yes
1081,436,Unauthorized Access,High,Yes
1082,436,Ransomware,Low,Yes
1083,436,Unauthorized Access,Medium,Yes
1084,437,Malware,Medium,No
1085,437,Malware,Low,No
1086,437,Malware,High,Yes
1087,437,Unauthorized Access,High,Yes
1088,438,Policy Violation,High,No
1089,439,Ransomware,Low,Yes
1090,439,Ransomware,Low,No
1091,440,Policy Violation,Medium,Yes
1092,440,Unauthorized Access,High,No
1093,440,Malware,High,No
1094,441,Malware,Low,Yes
1095,441,Ransomware,Medium,No
1096,442,Unauthorized Access,High,No
1097,442,Policy Violation,High,No
1098,442,Unauthorized Access,Medium,No
1099,442,Policy Violation,Low,No
1100,442,Policy Violation,Low,Yes
1101,443,Unauthorized Access,High,Yes
1102,443,Malware,Low,No
1103,443,Ransomware,Medium,No
1104,443,Malware,High,Yes
1105,443,Malware,Medium,No
1106,444,Ransomware,Low,Yes
1107,444,Ransomware,High,No
1108,444,Malware,Medium,No
1109,444,Malware,Low,Yes
1110,445,Malware,Medium,Yes
1111,445,Policy Violation,High,No
1112,446,Ransomware,High,Yes
1113,446,Unauthorized Access,Low,Yes
1114,446,Unauthorized Access,High,No
1115,446,Ransomware,Medium,No
1116,447,Ransomware,Medium,Yes
1117,447,Unauthorized Access,High,Yes
1118,447,Malware,High,Yes
1119,447,Ransomware,Medium,No
1120,447,Policy Violation,Low,Yes
1121,448,Unauthorized Access,Low,Yes
1122,449,Unauthorized Access,Medium,Yes
1123,449,Ransomware,Medium,No
1124,449,Malware,Low,No
1125,449,Unauthorized Access,Low,Yes
1126,449,Ransomware,Low,No
1127,450,Unauthorized Access,Medium,Yes
1128,451,Ransomware,High,No
1129,451,Ransomware,High,No
1130,451,Malware,Medium,No
1131,451,Unauthorized Access,Medium,No
1132,451,Policy Violation,Low,Yes
1133,452,Unauthorized Access,High,No
1134,453,Malware,Medium,No
1135,453,Ransomware,Medium,No
1136,453,Policy Violation,Low,Yes
1137,453,Ransomware,High,Yes
1138,455,Policy Violation,Low,Yes
1139,456,Unauthorized Access,Low,No
1140,456,Malware,Low,Yes
1141,456,Ransomware,Medium,No
1142,456,Policy Violation,Medium,Yes
1143,457,Ransomware,High,Yes
1144,457,Malware,High,No
1145,458,Policy Violation,High,No
1146,458,Ransomware,Medium,Yes
1147,458,Unauthorized Access,Low,No
1148,458,Malware,Medium,Yes
1149,458,Ransomware,High,No
1150,460,Ransomware,Medium,No
1151,460,Unauthorized Access,High,No
1152,462,Ransomware,High,No
1153,462,Malware,Low,Yes
1154,462,Ransomware,Low,Yes
1155,462,Malware,Low,No
1156,463,Malware,High,No
1157,463,Unauthorized Access,High,No
1158,464,Ransomware,High,No
1159,465,Ransomware,Low,No
1160,465,Malware,Low,Yes
1161,465,Unauthorized Access,Low,No
1162,466,Policy Violation,Low,No
1163,466,Policy Violation,Low,No
1164,466,Ransomware,Low,No
1165,466,Ransomware,Low,Yes
1166,467,Unauthorized Access,High,Yes
1167,467,Unauthorized Access,Low,Yes
1168,467,Unauthorized Access,High,Yes
1169,467,Unauthorized Access,Medium,No
1170,467,Unauthorized Access,Low,No
1171,468,Malware,Medium,Yes
1172,468,Policy Violation,High,No
1173,468,Policy Violation,Low,Yes
1174,468,Policy Violation,Medium,No
1175,468,Ransomware,Low,Yes
1176,469,Unauthorized Access,High,Yes
1177,469,Malware,Medium,No
1178,469,Unauthorized Access,Low,Yes
1179,470,Policy Violation,Low,No
1180,470,Malware,Low,No
1181,470,Ransomware,High,No
1182,470,Ransomware,Medium,Yes
1183,471,Ransomware,Low,No
1184,471,Ransomware,Medium,Yes
1185,471,Policy Violation,Low,Yes
1186,471,Ransomware,Medium,No
1187,472,Malware,High,No
1188,473,Ransomware,Medium,Yes
1189,473,Unauthorized Access,Low,Yes
1190,473,Unauthorized Access,High,No
1191,473,Unauthorized Access,Medium,Yes
1192,473,Malware,High,No
1193,475,Ransomware,Medium,Yes
1194,475,Ransomware,Low,No
1195,475,Malware,High,No
1196,475,Ransomware,High,No
1197,475,Policy Violation,High,No
1198,476,Unauthorized Access,High,Yes
1199,476,Malware,Medium,No
1200,476,Malware,High,Yes
1201,476,Policy Violation,Low,No
1202,477,Ransomware,Low,Yes
1203,477,Policy Violation,Medium,Yes
1204,477,Ransomware,Low,No
1205,477,Malware,Medium,No
1206,478,Unauthorized Access,High,No
1207,478,Malware,Medium,Yes
1208,479,Unauthorized Access,High,Yes
1209,479,Unauthorized Access,Low,No
1210,479,Malware,Low,Yes
1211,479,Policy Violation,Medium,Yes
1212,479,Policy Violation,High,Yes
1213,480,Unauthorized Access,High,No
1214,480,Unauthorized Access,Low,Yes
1215,480,Policy Violation,High,Yes
1216,481,Policy Violation,Medium,Yes
1217,481,Unauthorized Access,Low,No
1218,481,Unauthorized Access,Low,No
1219,481,Malware,Low,Yes
1220,482,Unauthorized Access,Medium,Yes
1221,482,Malware,High,Yes
1222,482,Unauthorized Access,Medium,Yes
1223,482,Policy Violation,Medium,Yes
1224,482,Policy Violation,Low,Yes
1225,483,Policy Violation,Medium,Yes
1226,483,Policy Violation,Medium,Yes
1227,483,Malware,Medium,Yes
1228,484,Unauthorized Access,Low,No
1229,484,Policy Violation,High,No
1230,485,Policy Violation,Low,No
1231,485,Malware,Low,Yes
1232,485,Ransomware,Low,Yes
1233,486,Malware,Low,No
1234,486,Unauthorized Access,High,No
1235,486,Malware,Low,Yes
1236,487,Policy Violation,Low,No
1237,487,Ransomware,High,Yes
1238,487,Unauthorized Access,Low,No
1239,487,Unauthorized Access,High,No
1240,488,Unauthorized Access,Low,Yes
1241,488,Malware,Low,No
1242,488,Ransomware,High,No
1243,488,Malware,High,Yes
1244,489,Unauthorized Access,Medium,Yes
1245,489,Policy Violation,Low,Yes
1246,489,Unauthorized Access,Medium,Yes
1247,489,Policy Violation,Medium,No
1248,491,Ransomware,Low,Yes
1249,492,Unauthorized Access,Medium,No
1250,494,Unauthorized Access,Low,Yes
1251,495,Malware,High,Yes
1252,495,Policy Violation,Medium,Yes
1253,495,Malware,Medium,Yes
1254,496,Policy Violation,Medium,Yes
1255,498,Ransomware,Medium,Yes
1256,498,Ransomware,High,No
1257,498,Policy Violation,High,Yes
1258,498,Malware,Medium,Yes
1259,499,Ransomware,Medium,No
1260,499,Unauthorized Access,High,Yes
1261,500,Malware,High,Yes
1262,500,Policy Violation,Medium,No
1263,500,Unauthorized Access,Low,No
1264,500,Malware,High,Yes
1265,501,Malware,High,Yes
1266,501,Unauthorized Access,Low,No
1267,501,Unauthorized Access,Low,No
1268,501,Ransomware,Medium,No
1269,502,Unauthorized Access,Low,Yes
1270,502,Unauthorized Access,Medium,No
1271,503,Ransomware,High,Yes
1272,503,Policy Violation,High,Yes
1273,503,Policy Violation,Medium,No
1274,504,Malware,High,No
1275,504,Policy Violation,High,No
1276,505,Unauthorized Access,Medium,No
1277,505,Malware,Low,Yes
1278,505,Policy Violation,Low,Yes
1279,505,Ransomware,High,Yes
1280,506,Ransomware,Medium,Yes
1281,506,Policy Violation,Low,No
1282,506,Malware,Medium,No
1283,507,Malware,Low,No
1284,507,Malware,High,Yes
1285,507,Malware,Low,Yes
1286,508,Policy Violation,Low,No
1287,508,Malware,Low,No
1288,508,Ransomware,Low,Yes
1289,508,Unauthorized Access,Medium,Yes
1290,508,Malware,High,Yes
1291,510,Ransomware,Low,Yes
1292,510,Ransomware,Medium,Yes
1293,510,Malware,High,No
1294,510,Unauthorized Access,High,Yes
1295,510,Policy Violation,Medium,No
1296,511,Ransomware,High,Yes
1297,511,Ransomware,High,No
1298,511,Unauthorized Access,Medium,No
1299,511,Ransomware,High,No
1300,512,Policy Violation,Low,No
1301,513,Malware,Medium,No
1302,513,Policy Violation,Medium,Yes
1303,513,Malware,Medium,No
1304,513,Unauthorized Access,High,No
1305,513,Malware,Medium,No
1306,514,Unauthorized Access,Low,No
1307,517,Ransomware,Medium,Yes
1308,517,Ransomware,Low,No
1309,517,Malware,High,No
1310,517,Policy Violation,Medium,No
1311,517,Policy Violation,High,Yes
1312,518,Unauthorized Access,Low,Yes
1313,518,Policy Violation,Medium,Yes
1314,518,Policy Violation,Medium,No
1315,518,Malware,Medium,No
1316,519,Malware,High,Yes
1317,519,Ransomware,High,Yes
1318,519,Policy Violation,Medium,No
1319,519,Ransomware,Low,No
1320,520,Malware,Low,No
1321,521,Unauthorized Access,High,Yes
1322,522,Policy Violation,Low,Yes
1323,522,Policy Violation,High,Yes
1324,522,Policy Violation,Medium,Yes
1325,522,Policy Violation,High,Yes
1326,523,Malware,Low,Yes
1327,523,Ransomware,Medium,No
1328,523,Unauthorized Access,Low,No
1329,525,Malware,Medium,No
1330,526,Malware,Medium,Yes
1331,526,Policy Violation,High,No
1332,526,Malware,Low,Yes
1333,526,Malware,Low,Yes
1334,526,Unauthorized Access,Low,No
1335,527,Policy Violation,High,Yes
1336,527,Malware,Low,No
1337,528,Policy Violation,Medium,Yes
1338,528,Ransomware,Medium,No
1339,528,Policy Violation,Medium,Yes
1340,528,Malware,Medium,Yes
1341,529,Policy Violation,Medium,Yes
1342,531,Policy Violation,Low,No
1343,531,Malware,Medium,Yes
1344,531,Malware,Medium,No
1345,531,Ransomware,Low,Yes
1346,531,Policy Violation,High,Yes
1347,532,Policy Violation,High,Yes
1348,532,Malware,Medium,No
1349,532,Malware,Medium,No
1350,532,Unauthorized Access,High,No
1351,533,Unauthorized Access,High,Yes
1352,533,Malware,Medium,No
1353,535,Policy Violation,Medium,Yes
1354,535,Policy Violation,High,No
1355,535,Policy Violation,Medium,No
1356,536,Policy Violation,Low,No
1357,536,Ransomware,High,No
1358,536,Ransomware,Low,Yes
1359,536,Malware,Medium,Yes
1360,537,Unauthorized Access,Medium,Yes
1361,537,Ransomware,Low,No
1362,538,Policy Violation,Low,No
1363,538,Policy Violation,Low,Yes
1364,538,Malware,Medium,Yes
1365,538,Ransomware,Low,No
1366,538,Unauthorized Access,Medium,Yes
1367,539,Unauthorized Access,Medium,No
1368,539,Unauthorized Access,High,Yes
1369,540,Ransomware,Low,Yes
1370,542,Malware,Low,Yes
1371,542,Ransomware,High,Yes
1372,542,Policy Violation,High,No
1373,542,Unauthorized Access,Medium,No
1374,544,Policy Violation,Low,Yes
1375,545,Policy Violation,High,No
1376,546,Malware,High,No
1377,546,Ransomware,High,No
1378,547,Ransomware,Medium,Yes
1379,548,Policy Violation,High,Yes
1380,548,Ransomware,Low,Yes
1381,549,Unauthorized Access,Medium,No
1382,549,Malware,Low,Yes
1383,551,Unauthorized Access,High,No
1384,551,Ransomware,Low,Yes
1385,552,Malware,Low,No
1386,553,Ransomware,Medium,Yes
1387,553,Malware,High,No
1388,553,Policy Violation,Medium,Yes
1389,554,Ransomware,High,No
1390,555,Ransomware,High,No
1391,555,Ransomware,Medium,Yes
1392,557,Unauthorized Access,High,No
1393,559,Policy Violation,Low,No
1394,559,Malware,Medium,No
1395,560,Malware,High,No
1396,560,Malware,High,No
1397,561,Unauthorized Access,Low,No
1398,561,Unauthorized Access,High,No
1399,561,Policy Violation,Medium,Yes
1400,562,Ransomware,High,Yes
1401,562,Ransomware,High,No
1402,562,Policy Violation,Low,No
1403,563,Unauthorized Access,Low,No
1404,563,Malware,High,Yes
1405,564,Unauthorized Access,High,Yes
1406,564,Malware,Medium,Yes
1407,564,Malware,Medium,No
1408,567,Unauthorized Access,High,Yes
1409,567,Ransomware,Low,Yes
1410,567,Ransomware,Low,No
1411,567,Unauthorized Access,High,Yes
1412,569,Ransomware,High,Yes
1413,569,Policy Violation,High,Yes
1414,569,Malware,High,Yes
1415,569,Malware,Low,Yes
1416,569,Ransomware,Medium,Yes
1417,570,Policy Violation,Low,No
1418,570,Unauthorized Access,High,No
1419,570,Ransomware,Low,No
1420,571,Ransomware,High,No
1421,571,Unauthorized Access,High,Yes
1422,572,Malware,Medium,No
1423,573,Malware,High,Yes
1424,573,Policy Violation,Medium,Yes
1425,573,Unauthorized Access,Medium,No
1426,573,Policy Violation,High,Yes
1427,573,Ransomware,Medium,Yes
1428,575,Malware,Low,Yes
1429,575,Unauthorized Access,Low,Yes
1430,577,Ransomware,Low,Yes
1431,578,Policy Violation,High,Yes
1432,578,Unauthorized Access,Medium,No
1433,578,Unauthorized Access,Low,No
1434,578,Policy Violation,Low,Yes
1435,579,Malware,Low,No
1436,579,Ransomware,Medium,No
1437,579,Malware,Medium,Yes
1438,579,Policy Violation,High,Yes
1439,580,Malware,Medium,Yes
1440,582,Malware,Medium,No
1441,582,Policy Violation,High,Yes
1442,582,Malware,High,Yes
1443,582,Malware,Medium,Yes
1444,583,Policy Violation,Low,No
1445,583,Ransomware,Low,No
1446,584,Ransomware,Low,No
1447,584,Policy Violation,Medium,No
1448,584,Ransomware,Medium,No
1449,587,Unauthorized Access,Medium,No
1450,588,Malware,Low,No
1451,588,Ransomware,Medium,No
1452,588,Ransomware,Medium,Yes
1453,588,Ransomware,High,Yes
1454,588,Malware,Medium,Yes
1455,589,Ransomware,Low,No
1456,589,Ransomware,High,Yes
1457,590,Malware,High,No
1458,590,Unauthorized Access,Low,Yes
1459,590,Ransomware,High,Yes
1460,590,Policy Violation,Medium,No
1461,590,Malware,High,Yes
1462,591,Unauthorized Access,High,Yes
1463,591,Ransomware,Medium,No
1464,591,Policy Violation,Low,Yes
1465,591,Unauthorized Access,Medium,No
1466,591,Policy Violation,Low,No
1467,592,Policy Violation,Low,No
1468,592,Ransomware,Medium,Yes
1469,594,Policy Violation,Low,No
1470,594,Ransomware,Low,No
1471,594,Ransomware,High,Yes
1472,594,Policy Violation,High,No
1473,597,Malware,Low,No
1474,597,Policy Violation,Medium,Yes
1475,597,Unauthorized Access,Medium,No
1476,597,Ransomware,Low,Yes
1477,597,Policy Violation,Low,No
1478,598,Policy Violation,Medium,No
1479,598,Unauthorized Access,Low,No
1480,600,Policy Violation,Medium,No
1481,600,Policy Violation,Low,Yes
1482,600,Unauthorized Access,High,Yes
1483,600,Malware,High,Yes
1484,600,Ransomware,Low,No
1485,601,Malware,High,No
1486,601,Ransomware,Medium,Yes
1487,601,Unauthorized Access,Medium,No
1488,601,Malware,Low,Yes
1489,602,Ransomware,Medium,No
1490,602,Ransomware,Low,No
1491,602,Unauthorized Access,High,No
1492,603,Policy Violation,Medium,Yes
1493,603,Ransomware,High,Yes
1494,606,Policy Violation,Medium,Yes
1495,606,Unauthorized Access,Medium,Yes
1496,606,Unauthorized Access,Medium,Yes
1497,607,Malware,Low,No
1498,607,Policy Violation,High,Yes
1499,609,Unauthorized Access,Medium,Yes
1500,612,Unauthorized Access,Medium,No
1501,613,Unauthorized Access,Low,No
1502,614,Unauthorized Access,Low,Yes
1503,614,Policy Violation,Medium,Yes
1504,616,Policy Violation,High,Yes
1505,616,Unauthorized Access,Medium,No
1506,617,Malware,Low,No
1507,617,Unauthorized Access,High,Yes
1508,617,Policy Violation,Low,No
1509,617,Unauthorized Access,Medium,Yes
1510,617,Policy Violation,High,Yes
1511,618,Policy Violation,Low,Yes
1512,618,Ransomware,Low,No
1513,618,Unauthorized Access,Medium,Yes
1514,618,Malware,Low,No
1515,619,Unauthorized Access,Low,Yes
1516,619,Unauthorized Access,Low,Yes
1517,619,Unauthorized Access,High,Yes
1518,619,Malware,Medium,No
1519,619,Policy Violation,Low,No
1520,620,Unauthorized Access,Low,Yes
1521,620,Ransomware,Low,No
1522,621,Malware,High,No
1523,621,Unauthorized Access,Low,No
1524,621,Malware,High,Yes
1525,621,Unauthorized Access,Low,Yes
1526,622,Ransomware,Low,No
1527,622,Ransomware,High,No
1528,622,Ransomware,High,Yes
1529,623,Policy Violation,Low,Yes
1530,623,Unauthorized Access,Medium,Yes
1531,623,Malware,Low,Yes
1532,624,Unauthorized Access,High,No
1533,624,Ransomware,Medium,Yes
1534,624,Malware,High,Yes
1535,625,Policy Violation,Medium,No
1536,625,Ransomware,Medium,No
1537,626,Ransomware,High,No
1538,626,Policy Violation,Low,No
1539,626,Malware,Medium,No
1540,626,Policy Violation,Low,No
1541,626,Ransomware,Low,No
1542,628,Malware,Low,Yes
1543,628,Ransomware,Low,No
1544,628,Unauthorized Access,Medium,Yes
1545,628,Policy Violation,Low,Yes
1546,628,Unauthorized Access,Medium,Yes
1547,629,Unauthorized Access,Medium,Yes
1548,629,Ransomware,Medium,No
1549,629,Policy Violation,Medium,No
1550,629,Malware,Low,Yes
1551,629,Policy Violation,High,No
1552,631,Ransomware,High,No
1553,631,Policy Violation,Medium,No
1554,631,Unauthorized Access,Low,Yes
1555,632,Unauthorized Access,High,No
1556,633,Ransomware,Low,Yes
1557,633,Unauthorized Access,Low,Yes
1558,633,Ransomware,Low,Yes
1559,633,Unauthorized Access,Medium,Yes
1560,633,Malware,Low,No
1561,634,Unauthorized Access,Low,Yes
1562,634,Unauthorized Access,Low,No
1563,634,Ransomware,Low,Yes
1564,634,Ransomware,High,No
1565,634,Ransomware,Medium,No
1566,635,Unauthorized Access,Medium,No
1567,635,Ransomware,High,No
1568,638,Ransomware,Medium,No
1569,638,Unauthorized Access,High,No
1570,638,Ransomware,Medium,Yes
1571,638,Ransomware,Medium,No
1572,639,Policy Violation,High,Yes
1573,639,Policy Violation,Medium,No
1574,640,Unauthorized Access,Medium,No
1575,641,Policy Violation,Medium,Yes
1576,641,Ransomware,Medium,Yes
1577,641,Ransomware,Medium,No
1578,641,Malware,Low,No
1579,641,Malware,High,No
1580,643,Ransomware,Medium,Yes
1581,643,Malware,Low,No
1582,643,Unauthorized Access,Medium,No
1583,643,Ransomware,High,No
1584,643,Policy Violation,High,No
1585,644,Ransomware,Medium,No
1586,645,Policy Violation,Medium,No
1587,645,Ransomware,High,No
1588,646,Unauthorized Access,High,No
1589,647,Unauthorized Access,Low,No
1590,647,Ransomware,High,No
1591,647,Ransomware,Low,Yes
1592,647,Policy Violation,Medium,Yes
1593,647,Policy Violation,Low,No
1594,648,Malware,Low,Yes
1595,648,Malware,Medium,No
1596,648,Ransomware,Medium,Yes
1597,648,Unauthorized Access,High,Yes
1598,648,Policy Violation,Medium,No
1599,649,Policy Violation,Low,Yes
1600,649,Malware,Medium,Yes
1601,650,Policy Violation,High,No
1602,652,Policy Violation,High,No
1603,652,Ransomware,Low,Yes
1604,652,Ransomware,Low,Yes
1605,652,Policy Violation,High,No
1606,652,Ransomware,Low,Yes
1607,653,Malware,High,Yes
1608,653,Ransomware,High,Yes
1609,653,Ransomware,High,Yes
1610,654,Malware,Medium,Yes
1611,654,Malware,High,No
1612,654,Unauthorized Access,Low,Yes
1613,654,Policy Violation,Medium,Yes
1614,656,Policy Violation,Medium,No
1615,656,Ransomware,Low,No
1616,656,Policy Violation,Low,No
1617,657,Ransomware,Low,No
1618,657,Ransomware,High,No
1619,657,Unauthorized Access,Medium,Yes
1620,657,Unauthorized Access,High,No
1621,658,Policy Violation,Medium,No
1622,658,Malware,High,No
1623,659,Ransomware,High,No
1624,659,Unauthorized Access,Low,No
1625,659,Ransomware,High,Yes
1626,659,Policy Violation,Low,No
1627,659,Ransomware,Medium,No
1628,660,Policy Violation,High,Yes
1629,660,Policy Violation,Medium,Yes
1630,660,Unauthorized Access,Medium,Yes
1631,661,Policy Violation,High,No
1632,661,Ransomware,Medium,Yes
1633,661,Policy Violation,High,Yes
1634,661,Malware,High,No
1635,661,Policy Violation,High,Yes
1636,662,Malware,Low,No
1637,662,Malware,Low,No
1638,662,Policy Violation,Low,No
1639,662,Policy Violation,Low,No
1640,662,Policy Violation,Medium,Yes
1641,663,Unauthorized Access,Medium,No
1642,663,Policy Violation,Medium,No
1643,663,Malware,Low,No
1644,663,Policy Violation,Medium,Yes
1645,665,Unauthorized Access,Low,No
1646,665,Unauthorized Access,Low,Yes
1647,666,Unauthorized Access,Low,No
1648,666,Unauthorized Access,Low,No
1649,666,Policy Violation,Medium,No
1650,666,Unauthorized Access,Low,Yes
1651,667,Policy Violation,Low,Yes
1652,667,Policy Violation,Medium,Yes
1653,667,Malware,Low,No
1654,668,Policy Violation,High,No
1655,668,Policy Violation,Medium,No
1656,668,Ransomware,Medium,No
1657,668,Unauthorized Access,Medium,Yes
1658,669,Policy Violation,High,No
1659,669,Policy Violation,Low,Yes
1660,669,Unauthorized Access,Medium,No
1661,669,Malware,High,No
1662,672,Malware,Low,No
1663,672,Ransomware,Low,No
1664,674,Ransomware,Medium,No
1665,675,Policy Violation,Low,No
1666,676,Policy Violation,Low,No
1667,676,Policy Violation,Medium,No
1668,676,Unauthorized Access,Medium,Yes
1669,676,Malware,High,No
1670,677,Unauthorized Access,High,No
1671,677,Ransomware,Low,No
1672,677,Ransomware,Medium,No
1673,677,Ransomware,Low,Yes
1674,680,Ransomware,Low,Yes
1675,680,Policy Violation,High,Yes
1676,681,Ransomware,Medium,Yes
1677,681,Ransomware,Medium,No
1678,681,Policy Violation,Medium,No
1679,682,Ransomware,Medium,No
1680,682,Malware,Low,Yes
1681,682,Malware,Low,Yes
1682,683,Ransomware,Low,Yes
1683,683,Ransomware,High,Yes
1684,683,Policy Violation,Low,No
1685,683,Unauthorized Access,Low,Yes
1686,685,Ransomware,Medium,No
1687,685,Ransomware,High,Yes
1688,685,Ransomware,Medium,Yes
1689,685,Unauthorized Access,Low,No
1690,686,Policy Violation,Low,No
1691,686,Malware,Medium,No
1692,686,Malware,Low,No
1693,686,Ransomware,High,No
1694,686,Malware,Low,No
1695,687,Unauthorized Access,Low,Yes
1696,687,Unauthorized Access,Low,Yes
1697,687,Malware,Low,Yes
1698,687,Policy Violation,Medium,No
1699,688,Unauthorized Access,Medium,Yes
1700,688,Unauthorized Access,Medium,No
1701,688,Ransomware,High,Yes
1702,688,Policy Violation,Low,Yes
1703,688,Malware,Medium,No
1704,689,Malware,Low,No
1705,689,Policy Violation,Low,Yes
1706,690,Malware,High,No
1707,690,Malware,Medium,Yes
1708,691,Unauthorized Access,Medium,Yes
1709,691,Policy Violation,High,No
1710,691,Policy Violation,High,Yes
1711,692,Policy Violation,High,Yes
1712,692,Malware,High,Yes
1713,692,Malware,Medium,Yes
1714,692,Ransomware,High,No
1715,692,Malware,Medium,Yes
1716,694,Ransomware,Low,No
1717,694,Unauthorized Access,High,Yes
1718,695,Malware,High,Yes
1719,695,Ransomware,High,Yes
1720,695,Policy Violation,High,Yes
1721,696,Ransomware,High,Yes
1722,697,Malware,Medium,No
1723,697,Ransomware,Low,No
1724,697,Ransomware,Low,No
1725,697,Ransomware,High,No
1726,698,Malware,Low,No
1727,698,Unauthorized Access,Medium,Yes
1728,698,Malware,Low,No
1729,698,Ransomware,High,No
1730,699,Ransomware,High,No
1731,700,Malware,High,No
1732,700,Malware,Low,Yes
1733,701,Malware,High,Yes
1734,701,Unauthorized Access,Low,No
1735,701,Malware,High,No
1736,701,Unauthorized Access,Low,Yes
1737,701,Policy Violation,Medium,Yes
1738,702,Malware,Low,Yes
1739,702,Unauthorized Access,High,No
1740,702,Unauthorized Access,Medium,Yes
1741,702,Ransomware,Low,No
1742,702,Unauthorized Access,High,No
1743,703,Unauthorized Access,Medium,No
1744,703,Malware,High,No
1745,705,Malware,Medium,No
1746,705,Malware,Low,Yes
1747,705,Unauthorized Access,Low,No
1748,707,Ransomware,Medium,Yes
1749,707,Malware,Medium,No
1750,707,Unauthorized Access,High,Yes
1751,707,Policy Violation,Medium,Yes
1752,708,Unauthorized Access,Medium,No
1753,708,Policy Violation,Medium,Yes
1754,708,Policy Violation,High,Yes
1755,708,Ransomware,Medium,Yes
1756,709,Unauthorized Access,Low,No
1757,709,Policy Violation,High,Yes
1758,709,Unauthorized Access,Low,No
1759,709,Unauthorized Access,Medium,No
1760,709,Policy Violation,Low,Yes
1761,710,Unauthorized Access,High,No
1762,710,Unauthorized Access,High,No
1763,710,Malware,High,Yes
1764,712,Malware,Medium,No
1765,712,Malware,High,No
1766,712,Unauthorized Access,High,No
1767,712,Ransomware,Medium,Yes
1768,712,Policy Violation,Medium,No
1769,715,Unauthorized Access,Medium,No
1770,715,Ransomware,High,No
1771,716,Ransomware,Low,Yes
1772,716,Ransomware,Low,Yes
1773,716,Ransomware,Low,No
1774,716,Unauthorized Access,High,No
1775,716,Malware,Low,No
1776,717,Unauthorized Access,High,No
1777,717,Unauthorized Access,Low,No
1778,717,Malware,High,No
1779,717,Unauthorized Access,Medium,Yes
1780,717,Ransomware,Low,No
1781,718,Malware,High,No
1782,718,Unauthorized Access,High,Yes
1783,718,Malware,Medium,Yes
1784,718,Policy Violation,High,Yes
1785,718,Policy Violation,Low,Yes
1786,719,Ransomware,Low,No
1787,719,Unauthorized Access,Low,No
1788,719,Unauthorized Access,High,Yes
1789,719,Policy Violation,Low,No
1790,720,Policy Violation,Medium,No
1791,720,Malware,High,No
1792,720,Malware,High,Yes
1793,720,Ransomware,Medium,Yes
1794,721,Unauthorized Access,Low,Yes
1795,722,Unauthorized Access,Medium,Yes
1796,722,Policy Violation,Low,No
1797,722,Malware,Low,No
1798,723,Malware,Medium,Yes
1799,723,Unauthorized Access,High,No
1800,723,Malware,High,Yes
1801,723,Malware,Low,Yes
1802,724,Ransomware,Low,No
1803,724,Ransomware,High,Yes
1804,725,Ransomware,High,Yes
1805,725,Malware,Medium,Yes
1806,726,Policy Violation,Low,No
1807,728,Unauthorized Access,High,No
1808,728,Unauthorized Access,Medium,Yes
1809,728,Policy Violation,Low,No
1810,728,Malware,Low,No
1811,729,Ransomware,High,Yes
1812,729,Unauthorized Access,High,No
1813,732,Ransomware,Low,No
1814,733,Ransomware,Low,Yes
1815,733,Unauthorized Access,Low,Yes
1816,733,Policy Violation,High,No
1817,733,Malware,Medium,Yes
1818,733,Unauthorized Access,Low,No
1819,734,Ransomware,Medium,No
1820,734,Policy Violation,Low,No
1821,734,Policy Violation,Medium,No
1822,735,Unauthorized Access,Low,No
1823,735,Ransomware,Medium,No
1824,735,Ransomware,Low,No
1825,735,Unauthorized Access,High,Yes
1826,735,Unauthorized Access,Low,Yes
1827,736,Malware,Low,Yes
1828,736,Policy Violation,High,Yes
1829,736,Malware,Medium,Yes
1830,736,Unauthorized Access,Low,Yes
1831,737,Unauthorized Access,Medium,Yes
1832,737,Malware,Medium,No
1833,737,Malware,Medium,No
1834,737,Policy Violation,Medium,No
1835,737,Malware,Medium,Yes
1836,738,Policy Violation,Medium,Yes
1837,738,Malware,Low,No
1838,739,Malware,Medium,Yes
1839,740,Malware,High,Yes
1840,740,Malware,High,Yes
1841,740,Ransomware,Medium,No
1842,740,Malware,Medium,No
1843,740,Ransomware,High,No
1844,741,Malware,Low,No
1845,741,Unauthorized Access,Medium,No
1846,741,Unauthorized Access,Low,Yes
1847,742,Unauthorized Access,High,Yes
1848,742,Policy Violation,Low,Yes
1849,742,Policy Violation,High,No
1850,742,Ransomware,Medium,No
1851,742,Policy Violation,High,No
1852,743,Unauthorized Access,Low,No
1853,743,Unauthorized Access,Low,Yes
1854,743,Policy Violation,Medium,Yes
1855,743,Ransomware,Low,No
1856,743,Policy Violation,Low,Yes
1857,744,Policy Violation,Medium,No
1858,745,Malware,High,Yes
1859,746,Malware,Medium,Yes
1860,746,Policy Violation,Low,Yes
1861,746,Malware,High,No
1862,746,Unauthorized Access,High,Yes
1863,747,Malware,Medium,Yes
1864,747,Malware,Low,Yes
1865,747,Unauthorized Access,Medium,No
1866,747,Policy Violation,Medium,Yes
1867,749,Ransomware,Medium,Yes
1868,749,Ransomware,Low,No
1869,749,Unauthorized Access,Medium,No
1870,749,Policy Violation,Low,Yes
1871,753,Policy Violation,Medium,Yes
1872,753,Ransomware,High,Yes
1873,755,Malware,High,No
1874,755,Malware,Medium,Yes
1875,755,Unauthorized Access,High,Yes
1876,755,Unauthorized Access,Medium,Yes
1877,755,Ransomware,Medium,No
1878,756,Policy Violation,High,No
1879,756,Malware,High,No
1880,756,Policy Violation,Low,No
1881,757,Ransomware,Low,Yes
1882,757,Malware,Medium,Yes
1883,757,Policy Violation,High,Yes
1884,757,Policy Violation,High,Yes
1885,758,Ransomware,Medium,Yes
1886,758,Ransomware,Low,Yes
1887,758,Policy Violation,Medium,Yes
1888,758,Unauthorized Access,Low,Yes
1889,758,Policy Violation,High,Yes
1890,759,Unauthorized Access,Medium,No
1891,759,Policy Violation,Low,No
1892,759,Policy Violation,Medium,Yes
1893,761,Policy Violation,Medium,Yes
1894,761,Ransomware,Medium,Yes
1895,761,Malware,High,No
1896,762,Malware,Medium,No
1897,763,Policy Violation,Low,Yes
1898,763,Unauthorized Access,Medium,Yes
1899,763,Malware,High,No
1900,764,Ransomware,Medium,Yes
1901,764,Policy Violation,High,No
1902,764,Ransomware,Low,No
1903,765,Ransomware,High,Yes
1904,765,Unauthorized Access,Medium,Yes
1905,765,Unauthorized Access,Medium,No
1906,765,Policy Violation,Medium,No
1907,766,Ransomware,High,Yes
1908,766,Malware,Low,No
1909,766,Unauthorized Access,Low,No
1910,767,Malware,Low,No
1911,767,Malware,Medium,No
1912,768,Ransomware,Low,No
1913,768,Unauthorized Access,Medium,Yes
1914,768,Policy Violation,Medium,No
1915,768,Unauthorized Access,Medium,Yes
1916,769,Policy Violation,High,No
1917,769,Policy Violation,High,Yes
1918,769,Policy Violation,Medium,No
1919,769,Ransomware,Medium,No
1920,770,Malware,Low,Yes
1921,770,Unauthorized Access,High,Yes
1922,772,Malware,High,Yes
1923,773,Unauthorized Access,Medium,No
1924,773,Unauthorized Access,High,No
1925,774,Ransomware,Medium,No
1926,774,Malware,Medium,No
1927,774,Unauthorized Access,Medium,Yes
1928,774,Policy Violation,High,Yes
1929,776,Ransomware,Medium,Yes
1930,776,Malware,Low,No
1931,778,Malware,Low,No
1932,778,Ransomware,Low,No
1933,778,Ransomware,Medium,No
1934,778,Ransomware,High,No
1935,779,Unauthorized Access,Medium,Yes
1936,779,Unauthorized Access,High,Yes
1937,779,Unauthorized Access,High,Yes
1938,781,Unauthorized Access,Medium,Yes
1939,781,Unauthorized Access,High,No
1940,781,Unauthorized Access,High,Yes
1941,781,Malware,Medium,Yes
1942,781,Unauthorized Access,High,No
1943,782,Policy Violation,Low,Yes
1944,782,Unauthorized Access,Medium,No
1945,782,Ransomware,Medium,No
1946,782,Policy Violation,Low,Yes
1947,782,Policy Violation,Medium,Yes
1948,783,Unauthorized Access,High,No
1949,783,Policy Violation,High,Yes
1950,783,Unauthorized Access,Medium,Yes
1951,784,Malware,Low,No
1952,784,Unauthorized Access,Low,Yes
1953,784,Unauthorized Access,Medium,Yes
1954,784,Malware,Medium,Yes
1955,785,Unauthorized Access,Low,Yes
1956,785,Unauthorized Access,Low,No
1957,785,Policy Violation,Medium,No
1958,787,Policy Violation,High,No
1959,787,Malware,High,Yes
1960,788,Policy Violation,Medium,Yes
1961,788,Unauthorized Access,Low,Yes
1962,788,Ransomware,High,Yes
1963,788,Ransomware,Medium,No
1964,788,Unauthorized Access,High,Yes
1965,790,Unauthorized Access,High,No
1966,790,Ransomware,High,No
1967,790,Unauthorized Access,Low,No
1968,790,Malware,Medium,Yes
1969,794,Unauthorized Access,Low,No
1970,794,Ransomware,Medium,Yes
1971,794,Ransomware,Low,Yes
1972,794,Policy Violation,Low,No
1973,795,Ransomware,Low,No
1974,795,Policy Violation,Medium,Yes
1975,795,Policy Violation,Medium,Yes
1976,796,Policy Violation,High,Yes
1977,796,Ransomware,Low,No
1978,796,Policy Violation,High,Yes
1979,796,Unauthorized Access,Low,No
1980,796,Unauthorized Access,High,No
1981,797,Policy Violation,Low,Yes
1982,797,Ransomware,Low,No
1983,797,Malware,Low,Yes
1984,798,Unauthorized Access,High,Yes
1985,798,Policy Violation,Medium,No
1986,798,Policy Violation,Low,No
1987,798,Ransomware,High,Yes
1988,799,Ransomware,High,No
1989,800,Unauthorized Access,Low,Yes
1990,800,Unauthorized Access,Medium,Yes
1991,800,Policy Violation,Medium,Yes
1992,801,Ransomware,High,Yes
1993,801,Unauthorized Access,Medium,No
1994,802,Unauthorized Access,Low,No
1995,802,Ransomware,High,Yes
1996,802,Ransomware,Medium,No
1997,803,Malware,High,Yes
1998,804,Unauthorized Access,Low,Yes
1999,804,Malware,High,Yes
2000,804,Ransomware,High,Yes
2001,805,Ransomware,Medium,No
2002,805,Policy Violation,Low,Yes
2003,807,Policy Violation,Medium,Yes
2004,807,Policy Violation,Medium,Yes
2005,807,Malware,Low,No
2006,808,Unauthorized Access,Medium,Yes
2007,809,Ransomware,Low,Yes
2008,809,Ransomware,Medium,No
2009,809,Malware,Low,No
2010,809,Ransomware,Medium,No
2011,809,Policy Violation,Medium,Yes
2012,810,Malware,Low,No
2013,811,Policy Violation,Medium,No
2014,811,Malware,High,No
2015,811,Malware,High,Yes
2016,812,Unauthorized Access,Medium,Yes
2017,813,Policy Violation,High,Yes
2018,813,Ransomware,Medium,Yes
2019,814,Policy Violation,Medium,Yes
2020,814,Policy Violation,Low,Yes
2021,814,Ransomware,Medium,No
2022,815,Malware,Medium,Yes
2023,815,Policy Violation,Low,Yes
2024,815,Unauthorized Access,High,Yes
2025,815,Malware,High,No
2026,815,Policy Violation,Medium,Yes
2027,816,Malware,Low,Yes
2028,816,Policy Violation,Low,Yes
2029,816,Unauthorized Access,Medium,Yes
2030,816,Ransomware,Medium,Yes
2031,816,Unauthorized Access,Medium,No
2032,817,Ransomware,Medium,Yes
2033,817,Policy Violation,High,Yes
2034,817,Ransomware,High,No
2035,817,Ransomware,Medium,No
2036,817,Unauthorized Access,Medium,Yes
2037,819,Malware,Medium,No
2038,819,Unauthorized Access,Medium,Yes
2039,820,Malware,Low,Yes
2040,820,Policy Violation,High,No
2041,820,Unauthorized Access,High,No
2042,822,Ransomware,Low,No
2043,822,Malware,Medium,No
2044,822,Policy Violation,Medium,Yes
2045,823,Unauthorized Access,Medium,No
2046,823,Unauthorized Access,Medium,Yes
2047,824,Malware,High,Yes
2048,824,Policy Violation,High,Yes
2049,824,Ransomware,Low,No
2050,826,Unauthorized Access,High,Yes
2051,826,Policy Violation,Low,Yes
2052,826,Malware,Low,Yes
2053,826,Malware,Medium,Yes
2054,829,Unauthorized Access,Low,Yes
2055,830,Unauthorized Access,Low,No
2056,832,Unauthorized Access,Low,Yes
2057,832,Policy Violation,Low,No
2058,832,Unauthorized Access,Medium,Yes
2059,832,Unauthorized Access,Low,Yes
2060,832,Unauthorized Access,High,Yes
2061,834,Unauthorized Access,Low,No
2062,835,Ransomware,Low,No
2063,838,Unauthorized Access,Low,No
2064,838,Ransomware,Medium,No
2065,838,Policy Violation,Low,Yes
2066,839,Malware,High,Yes
2067,839,Malware,Medium,No
2068,839,Ransomware,High,Yes
2069,840,Ransomware,High,Yes
2070,840,Policy Violation,Medium,Yes
2071,840,Malware,Medium,Yes
2072,840,Unauthorized Access,Low,Yes
2073,841,Unauthorized Access,Medium,Yes
2074,841,Policy Violation,Low,No
2075,841,Unauthorized Access,High,Yes
2076,842,Policy Violation,Medium,No
2077,842,Unauthorized Access,Medium,No
2078,842,Ransomware,Low,Yes
2079,842,Policy Violation,High,No
2080,842,Ransomware,High,No
2081,843,Malware,Low,Yes
2082,843,Ransomware,Medium,No
2083,843,Unauthorized Access,Low,Yes
2084,844,Unauthorized Access,High,Yes
2085,844,Policy Violation,High,Yes
2086,845,Malware,Medium,No
2087,845,Policy Violation,Low,No
2088,845,Malware,Medium,Yes
2089,846,Unauthorized Access,Low,No
2090,847,Ransomware,Medium,Yes
2091,847,Malware,Low,Yes
2092,847,Ransomware,High,Yes
2093,848,Policy Violation,Low,Yes
2094,848,Malware,High,No
2095,848,Malware,Low,Yes
2096,848,Malware,Medium,Yes
2097,849,Unauthorized Access,High,Yes
2098,849,Malware,Low,No
2099,850,Policy Violation,Low,Yes
2100,850,Policy Violation,Medium,Yes
2101,850,Unauthorized Access,Low,No
2102,850,Policy Violation,Low,No
2103,850,Malware,High,Yes
2104,852,Unauthorized Access,Low,Yes
2105,853,Policy Violation,Medium,No
2106,853,Malware,Low,Yes
2107,853,Policy Violation,High,Yes
2108,853,Malware,Medium,Yes
2109,853,Unauthorized Access,Medium,Yes
2110,854,Ransomware,High,Yes
2111,854,Unauthorized Access,Low,Yes
2112,854,Ransomware,High,Yes
2113,854,Unauthorized Access,High,Yes
2114,854,Ransomware,Low,Yes
2115,855,Ransomware,Low,Yes
2116,855,Unauthorized Access,Low,Yes
2117,855,Unauthorized Access,High,No
2118,855,Ransomware,Medium,Yes
2119,856,Ransomware,Medium,Yes
2120,856,Policy Violation,Medium,No
2121,859,Unauthorized Access,High,No
2122,859,Unauthorized Access,High,No
2123,859,Malware,Medium,Yes
2124,860,Policy Violation,Low,No
2125,860,Ransomware,Medium,No
2126,860,Unauthorized Access,Low,Yes
2127,860,Malware,High,Yes
2128,861,Unauthorized Access,Medium,Yes
2129,862,Malware,High,No
2130,862,Malware,Medium,No
2131,862,Policy Violation,Low,Yes
2132,862,Malware,Low,No
2133,862,Policy Violation,Medium,Yes
2134,863,Policy Violation,Low,No
2135,863,Malware,Low,Yes
2136,865,Ransomware,Low,Yes
2137,865,Malware,Low,Yes
2138,865,Ransomware,Low,No
2139,865,Ransomware,High,No
2140,866,Ransomware,High,No
2141,866,Policy Violation,High,Yes
2142,866,Malware,High,Yes
2143,866,Ransomware,Low,No
2144,866,Ransomware,High,Yes
2145,867,Ransomware,High,Yes
2146,867,Malware,Medium,Yes
2147,868,Unauthorized Access,Medium,No
2148,869,Ransomware,Medium,Yes
2149,869,Ransomware,Low,No
2150,870,Ransomware,Medium,Yes
2151,871,Malware,Medium,Yes
2152,871,Ransomware,Medium,Yes
2153,871,Policy Violation,High,Yes
2154,871,Malware,High,No
2155,871,Policy Violation,Low,No
2156,872,Malware,High,Yes
2157,872,Ransomware,Medium,Yes
2158,872,Unauthorized Access,Medium,Yes
2159,873,Unauthorized Access,Medium,Yes
2160,873,Malware,Low,No
2161,873,Ransomware,High,Yes
2162,873,Policy Violation,High,Yes
2163,873,Malware,High,Yes
2164,874,Malware,Medium,No
2165,875,Ransomware,Medium,No
2166,875,Malware,High,No
2167,875,Unauthorized Access,High,Yes
2168,875,Ransomware,High,Yes
2169,875,Policy Violation,Low,Yes
2170,876,Unauthorized Access,Medium,No
2171,876,Ransomware,Low,No
2172,876,Malware,Medium,No
2173,878,Policy Violation,Medium,No
2174,878,Unauthorized Access,High,No
2175,878,Policy Violation,Medium,Yes
2176,878,Unauthorized Access,Low,No
2177,878,Unauthorized Access,Medium,Yes
2178,879,Policy Violation,High,Yes
2179,879,Malware,Low,No
2180,880,Malware,High,Yes
2181,880,Unauthorized Access,High,Yes
2182,880,Malware,Low,No
2183,880,Unauthorized Access,Low,Yes
2184,880,Ransomware,Low,No
2185,881,Ransomware,Medium,No
2186,882,Policy Violation,Medium,Yes
2187,882,Policy Violation,Medium,Yes
2188,882,Ransomware,High,Yes
2189,882,Policy Violation,Low,Yes
2190,882,Policy Violation,High,Yes
2191,884,Malware,Medium,Yes
2192,884,Policy Violation,High,No
2193,885,Unauthorized Access,Medium,No
2194,885,Policy Violation,Low,Yes
2195,886,Malware,Medium,Yes
2196,886,Ransomware,Medium,Yes
2197,886,Ransomware,Low,No
2198,886,Malware,High,No
2199,887,Malware,Medium,No
2200,889,Malware,Low,No
2201,889,Malware,Low,Yes
2202,889,Ransomware,High,Yes
2203,889,Unauthorized Access,Low,No
2204,889,Ransomware,Medium,No
2205,890,Ransomware,Low,No
2206,890,Policy Violation,High,No
2207,890,Ransomware,Low,No
2208,892,Ransomware,Low,No
2209,893,Unauthorized Access,High,No
2210,893,Ransomware,Low,Yes
2211,893,Unauthorized Access,Medium,No
2212,893,Policy Violation,Low,No
2213,893,Unauthorized Access,Low,No
2214,894,Ransomware,Medium,No
2215,894,Malware,Medium,Yes
2216,894,Policy Violation,High,No
2217,894,Malware,High,Yes
2218,895,Unauthorized Access,Medium,Yes
2219,895,Policy Violation,High,No
2220,896,Ransomware,High,Yes
2221,896,Ransomware,Medium,Yes
2222,896,Malware,Low,No
2223,896,Malware,Medium,Yes
2224,896,Ransomware,Medium,Yes
2225,897,Ransomware,Low,Yes
2226,900,Malware,High,Yes
2227,900,Ransomware,High,Yes
2228,901,Malware,Low,No
2229,902,Unauthorized Access,Low,Yes
2230,902,Malware,High,No
2231,902,Unauthorized Access,High,No
2232,902,Policy Violation,Medium,No
2233,903,Malware,Low,Yes
2234,903,Ransomware,High,Yes
2235,904,Ransomware,Medium,Yes
2236,904,Unauthorized Access,High,Yes
2237,904,Policy Violation,High,No
2238,905,Policy Violation,High,Yes
2239,906,Unauthorized Access,Low,Yes
2240,907,Unauthorized Access,High,Yes
2241,907,Unauthorized Access,High,Yes
2242,907,Malware,Medium,Yes
2243,907,Malware,High,No
2244,907,Unauthorized Access,High,Yes
2245,908,Ransomware,Low,Yes
2246,908,Ransomware,Low,No
2247,908,Policy Violation,Low,Yes
2248,908,Unauthorized Access,High,No
2249,909,Malware,Low,Yes
2250,909,Policy Violation,Low,Yes
2251,909,Malware,Medium,No
2252,909,Unauthorized Access,Low,Yes
2253,909,Ransomware,Medium,Yes
2254,910,Unauthorized Access,High,Yes
2255,912,Malware,Medium,No
2256,912,Ransomware,High,Yes
2257,912,Malware,Low,No
2258,912,Policy Violation,High,Yes
2259,913,Ransomware,Low,Yes
2260,913,Policy Violation,Medium,No
2261,914,Unauthorized Access,Low,Yes
2262,914,Ransomware,Low,No
2263,914,Malware,High,No
2264,915,Policy Violation,Medium,Yes
2265,915,Unauthorized Access,Medium,Yes
2266,915,Unauthorized Access,Low,Yes
2267,916,Malware,Low,Yes
2268,916,Malware,Medium,Yes
2269,917,Unauthorized Access,Medium,Yes
2270,917,Ransomware,Medium,Yes
2271,918,Unauthorized Access,High,No
2272,918,Malware,Low,No
2273,918,Ransomware,Medium,Yes
2274,918,Ransomware,Low,Yes
2275,918,Malware,Low,No
2276,919,Ransomware,High,No
2277,919,Unauthorized Access,Low,Yes
2278,919,Policy Violation,High,No
2279,920,Malware,Low,Yes
2280,921,Policy Violation,Low,No
2281,921,Policy Violation,High,Yes
2282,921,Malware,Medium,No
2283,922,Ransomware,High,No
2284,922,Unauthorized Access,Low,Yes
2285,922,Unauthorized Access,Medium,No
2286,922,Policy Violation,High,No
2287,923,Ransomware,Medium,No
2288,924,Unauthorized Access,Low,No
2289,924,Policy Violation,High,Yes
2290,924,Unauthorized Access,Medium,Yes
2291,924,Ransomware,High,Yes
2292,925,Policy Violation,High,No
2293,927,Ransomware,Medium,Yes
2294,927,Malware,Medium,Yes
2295,927,Ransomware,Medium,Yes
2296,927,Ransomware,Low,Yes
2297,928,Malware,Medium,Yes
2298,928,Unauthorized Access,High,No
2299,928,Malware,High,Yes
2300,929,Malware,High,Yes
2301,930,Ransomware,Low,Yes
2302,930,Policy Violation,Low,No
2303,930,Malware,Medium,No
2304,930,Unauthorized Access,Low,No
2305,930,Unauthorized Access,Medium,No
2306,931,Unauthorized Access,Medium,Yes
2307,931,Ransomware,Medium,No
2308,931,Policy Violation,Medium,Yes
2309,931,Unauthorized Access,High,No
2310,931,Unauthorized Access,Medium,No
2311,932,Ransomware,Medium,Yes
2312,932,Ransomware,Medium,No
2313,932,Malware,High,Yes
2314,933,Unauthorized Access,Low,No
2315,933,Malware,Low,Yes
2316,934,Policy Violation,Medium,Yes
2317,934,Policy Violation,Low,No
2318,934,Ransomware,Medium,Yes
2319,934,Ransomware,High,No
2320,934,Malware,Low,No
2321,935,Unauthorized Access,High,No
2322,936,Malware,Low,Yes
2323,937,Ransomware,High,Yes
2324,937,Unauthorized Access,Low,No
2325,937,Unauthorized Access,High,No
2326,937,Ransomware,Medium,No
2327,938,Unauthorized Access,Medium,No
2328,938,Policy Violation,Low,Yes
2329,938,Ransomware,Low,Yes
2330,938,Ransomware,Medium,Yes
2331,939,Unauthorized Access,Low,No
2332,939,Ransomware,Medium,Yes
2333,939,Policy Violation,High,Yes
2334,939,Malware,High,No
2335,939,Ransomware,Medium,Yes
2336,940,Policy Violation,Medium,No
2337,940,Malware,Low,No
2338,940,Malware,High,No
2339,941,Policy Violation,High,Yes
2340,941,Malware,Medium,No
2341,941,Ransomware,High,Yes
2342,941,Ransomware,High,Yes
2343,942,Malware,High,No
2344,942,Policy Violation,Low,Yes
2345,942,Unauthorized Access,High,Yes
2346,942,Ransomware,Low,No
2347,944,Malware,High,No
2348,944,Policy Violation,Medium,No
2349,944,Ransomware,Medium,No
2350,944,Policy Violation,High,Yes
2351,944,Unauthorized Access,Medium,No
2352,945,Ransomware,Low,Yes
2353,945,Malware,Low,No
2354,945,Malware,High,Yes
2355,945,Ransomware,Medium,No
2356,946,Unauthorized Access,Low,No
2357,946,Unauthorized Access,Low,No
2358,947,Unauthorized Access,Low,No
2359,947,Policy Violation,Medium,Yes
2360,947,Malware,Low,Yes
2361,947,Policy Violation,High,No
2362,947,Ransomware,Low,Yes
2363,948,Policy Violation,High,Yes
2364,948,Unauthorized Access,Low,No
2365,948,Unauthorized Access,Low,Yes
2366,950,Malware,High,No
2367,951,Unauthorized Access,High,Yes
2368,951,Malware,Medium,Yes
2369,951,Malware,High,Yes
2370,953,Unauthorized Access,Medium,Yes
2371,953,Unauthorized Access,High,Yes
2372,953,Ransomware,High,No
2373,953,Unauthorized Access,High,No
2374,955,Policy Violation,Low,Yes
2375,955,Malware,Low,Yes
2376,955,Malware,Medium,Yes
2377,956,Policy Violation,High,Yes
2378,956,Ransomware,Medium,Yes
2379,957,Malware,High,No
2380,957,Ransomware,Low,Yes
2381,957,Policy Violation,Medium,Yes
2382,958,Unauthorized Access,High,No
2383,958,Policy Violation,Medium,Yes
2384,958,Policy Violation,Medium,No
2385,958,Ransomware,Low,Yes
2386,959,Unauthorized Access,High,No
2387,959,Policy Violation,Low,Yes
2388,959,Malware,High,Yes
2389,959,Malware,High,No
2390,959,Unauthorized Access,Medium,Yes
2391,960,Policy Violation,Low,No
2392,960,Policy Violation,Medium,No
2393,960,Unauthorized Access,Medium,Yes
2394,961,Malware,Low,Yes
2395,961,Malware,Medium,Yes
2396,961,Malware,Medium,No
2397,961,Policy Violation,Medium,Yes
2398,962,Malware,Medium,Yes
2399,962,Unauthorized Access,Medium,No
2400,963,Ransomware,High,Yes
2401,963,Ransomware,Low,Yes
2402,963,Unauthorized Access,High,Yes
2403,963,Malware,Low,No
2404,963,Unauthorized Access,Low,No
2405,964,Ransomware,Low,No
2406,964,Malware,High,No
2407,965,Ransomware,Medium,No
2408,966,Unauthorized Access,Low,No
2409,966,Ransomware,High,Yes
2410,967,Policy Violation,High,Yes
2411,967,Policy Violation,Medium,Yes
2412,967,Ransomware,High,No
2413,967,Policy Violation,Low,Yes
2414,967,Unauthorized Access,High,Yes
2415,968,Policy Violation,Low,Yes
2416,968,Unauthorized Access,High,No
2417,968,Ransomware,High,No
2418,969,Unauthorized Access,Medium,Yes
2419,970,Ransomware,Medium,Yes
2420,970,Unauthorized Access,Medium,Yes
2421,970,Policy Violation,Low,Yes
2422,970,Ransomware,Low,Yes
2423,971,Policy Violation,Medium,Yes
2424,971,Malware,Low,Yes
2425,971,Unauthorized Access,Medium,No
2426,971,Malware,Low,No
2427,972,Unauthorized Access,Low,No
2428,973,Ransomware,Low,No
2429,973,Policy Violation,Medium,No
2430,973,Ransomware,Low,Yes
2431,973,Ransomware,High,Yes
2432,973,Policy Violation,Medium,Yes
2433,974,Ransomware,High,Yes
2434,974,Unauthorized Access,High,Yes
2435,974,Malware,Medium,Yes
2436,974,Malware,Low,No
2437,974,Ransomware,Low,Yes
2438,975,Malware,Low,Yes
2439,975,Unauthorized Access,Medium,No
2440,976,Ransomware,Low,No
2441,976,Ransomware,Medium,No
2442,976,Unauthorized Access,Low,No
2443,976,Unauthorized Access,High,No
2444,977,Ransomware,High,No
2445,977,Policy Violation,High,Yes
2446,977,Ransomware,Low,No
2447,978,Policy Violation,Low,No
2448,978,Ransomware,High,No
2449,978,Unauthorized Access,High,No
2450,979,Malware,Medium,Yes
2451,979,Policy Violation,High,No
2452,979,Policy Violation,High,No
2453,979,Unauthorized Access,Medium,Yes
2454,979,Policy Violation,High,Yes
2455,980,Ransomware,Medium,Yes
2456,980,Policy Violation,High,No
2457,980,Unauthorized Access,Low,Yes
2458,980,Unauthorized Access,Medium,Yes
2459,982,Policy Violation,Medium,No
2460,985,Malware,Medium,Yes
2461,986,Malware,High,No
2462,989,Policy Violation,Low,Yes
2463,989,Policy Violation,Low,No
2464,989,Policy Violation,Low,Yes
2465,990,Ransomware,Low,Yes
2466,990,Ransomware,High,No
2467,990,Malware,High,No
2468,990,Malware,High,Yes
2469,990,Unauthorized Access,Low,Yes
2470,991,Ransomware,Medium,Yes
2471,993,Ransomware,Medium,Yes
2472,993,Malware,High,Yes
2473,993,Ransomware,Low,No
2474,993,Ransomware,Low,No
2475,994,Malware,High,No
2476,995,Unauthorized Access,Medium,Yes
2477,995,Malware,High,No
2478,995,Unauthorized Access,Medium,Yes
2479,996,Unauthorized Access,Medium,Yes
2480,996,Malware,High,No
2481,996,Unauthorized Access,Medium,Yes
2482,996,Malware,High,Yes
2483,996,Unauthorized Access,High,Yes
2484,997,Malware,Medium,No
2485,997,Unauthorized Access,High,Yes
2486,997,Policy Violation,Low,Yes
2487,997,Ransomware,Medium,Yes
2488,998,Malware,Low,Yes
2489,999,Malware,Medium,Yes
2490,999,Malware,Medium,No
2491,1000,Ransomware,High,Yes
2492,1000,Policy Violation,High,Yes
2493,1000,Malware,Medium,Yes
2494,1000,Unauthorized Access,Low,No
2495,1000,Malware,Low,Yes
